issued,recorded_at,legs,target_odds,min_leg_odds,probability,fair_odds,offered_odds,weakest_leg,first_day,last_day,selections,legs_won,legs_void,settled_probability,outcome,pnl,settled_at
2026-08-14,2026-08-14T13:20:22,4,3.00000,1.31607,0.33315,3.00161,,0.75966,2026-08-14,2026-08-16,"[{""date"": ""2026-08-16"", ""competition"": ""USA-MLS"", ""competition_name"": ""MLS"", ""home"": ""real salt lake"", ""away"": ""minnesota united"", ""match"": ""Real Salt Lake v Minnesota United FC"", ""key"": ""ou1.5_over"", ""selection"": ""Over 1.5 goals"", ""prob"": 0.7598, ""fair_odds"": 1.31613, ""odds"": null, ""hit_rate"": 0.77766, ""hit_rate_n"": 27480}, {""date"": ""2026-08-14"", ""competition"": ""DED"", ""competition_name"": ""Eredivisie"", ""home"": ""telstar"", ""away"": ""sparta rotterdam"", ""match"": ""SC Telstar v Sparta Rotterdam"", ""key"": ""hcp_away+1.5"", ""selection"": ""Away +1.5"", ""prob"": 0.75975, ""fair_odds"": 1.31622, ""odds"": null, ""hit_rate"": 0.77522, ""hit_rate_n"": 9289}, {""date"": ""2026-08-15"", ""competition"": ""NOR-ELITESER"", ""competition_name"": ""Eliteserien"", ""home"": ""kfum"", ""away"": ""lillestrom"", ""match"": ""KFUM v Lillestrom"", ""key"": ""ou3.5_under"", ""selection"": ""Under 3.5 goals"", ""prob"": 0.75972, ""fair_odds"": 1.31628, ""odds"": null, ""hit_rate"": 0.77766, ""hit_rate_n"": 27480}, {""date"": ""2026-08-15"", ""competition"": ""EL2"", ""competition_name"": ""League Two"", ""home"": ""barnet"", ""away"": ""salford city"", ""match"": ""Barnet v Salford City"", ""key"": ""corners7.5_over"", ""selection"": ""Over 7.5 corners"", ""prob"": 0.75966, ""fair_odds"": 1.31637, ""odds"": null, ""hit_rate"": 0.7731, ""hit_rate_n"": 15346}]",4.00000,0.00000,,won,,2026-08-20T12:32:29
2026-08-17,2026-08-17T15:31:51,4,3.00000,1.31607,0.32349,3.09132,,0.75289,2026-08-17,2026-08-19,"[{""date"": ""2026-08-19"", ""competition"": ""USA-MLS"", ""competition_name"": ""MLS"", ""home"": ""philadelphia union"", ""away"": ""inter miami"", ""match"": ""Philadelphia Union v Inter Miami CF"", ""key"": ""ou4.5_under"", ""selection"": ""Under 4.5 goals"", ""prob"": 0.75613, ""fair_odds"": 1.32252, ""odds"": null, ""hit_rate"": 0.77766, ""hit_rate_n"": 27480}, {""date"": ""2026-08-19"", ""competition"": ""USA-MLS"", ""competition_name"": ""MLS"", ""home"": ""cincinnati"", ""away"": ""new york city"", ""match"": ""FC Cincinnati v New York City FC"", ""key"": ""hcp_away+1.5"", ""selection"": ""Away +1.5"", ""prob"": 0.75475, ""fair_odds"": 1.32495, ""odds"": null, ""hit_rate"": 0.77522, ""hit_rate_n"": 9289}, {""date"": ""2026-08-17"", ""competition"": ""SWE-ALLSVENS"", ""competition_name"": ""Allsvenskan"", ""home"": ""bk hacken"", ""away"": ""halmstads bk"", ""match"": ""BK Hacken v Halmstads BK"", ""key"": ""tt1.5_away_under"", ""selection"": ""Away team under 1.5 goals"", ""prob"": 0.75289, ""fair_odds"": 1.32822, ""odds"": null, ""hit_rate"": 0.77455, ""hit_rate_n"": 33906}, {""date"": ""2026-08-18"", ""competition"": ""ARG-LIGAPROF"", ""competition_name"": ""Liga Profesional"", ""home"": ""gimnasia mendoza"", ""away"": ""talleres"", ""match"": ""Gimnasia Mendoza v Talleres"", ""key"": ""tt1.5_home_under"", ""selection"": ""Home team under 1.5 goals"", ""prob"": 0.75289, ""fair_odds"": 1.32822, ""odds"": null, ""hit_rate"": 0.77455, ""hit_rate_n"": 33906}]",3.00000,0.00000,,lost,,2026-09-10T11:49:46
2026-08-18,2026-08-18T12:18:38,4,3.00000,1.31607,0.32611,3.06646,,0.75475,2026-08-19,2026-08-20,"[{""date"": ""2026-08-19"", ""competition"": ""USA-MLS"", ""competition_name"": ""MLS"", ""home"": ""philadelphia union"", ""away"": ""inter miami"", ""match"": ""Philadelphia Union v Inter Miami CF"", ""key"": ""ou4.5_under"", ""selection"": ""Under 4.5 goals"", ""prob"": 0.75613, ""fair_odds"": 1.32252, ""odds"": null, ""hit_rate"": 0.77766, ""hit_rate_n"": 27480}, {""date"": ""2026-08-20"", ""competition"": ""USA-MLS"", ""competition_name"": ""MLS"", ""home"": ""colorado rapids"", ""away"": ""los angeles"", ""match"": ""Colorado Rapids v Los Angeles FC"", ""key"": ""tt0.5_home_over"", ""selection"": ""Home team over 0.5 goals"", ""prob"": 0.75604, ""fair_odds"": 1.32268, ""odds"": null, ""hit_rate"": 0.77455, ""hit_rate_n"": 33906}, {""date"": ""2026-08-19"", ""competition"": ""USA-MLS"", ""competition_name"": ""MLS"", ""home"": ""cincinnati"", ""away"": ""new york city"", ""match"": ""FC Cincinnati v New York City FC"", ""key"": ""hcp_away+1.5"", ""selection"": ""Away +1.5"", ""prob"": 0.75475, ""fair_odds"": 1.32495, ""odds"": null, ""hit_rate"": 0.77522, ""hit_rate_n"": 9289}, {""date"": ""2026-08-20"", ""competition"": ""PD"", ""competition_name"": ""La Liga"", ""home"": ""rayo vallecano"", ""away"": ""alaves"", ""match"": ""Rayo Vallecano v Alav\u00e9s"", ""key"": ""dc_1x"", ""selection"": ""Home or draw (1X)"", ""prob"": 0.75583, ""fair_odds"": 1.32306, ""odds"": null, ""hit_rate"": 0.76071, ""hit_rate_n"": 18350}]",4.00000,0.00000,,won,,2026-08-21T10:07:09
2026-08-20,2026-08-20T12:08:48,4,3.00000,1.31607,0.33173,3.01450,,0.75816,2026-08-22,2026-08-22,"[{""date"": ""2026-08-22"", ""competition"": ""GSL"", ""competition_name"": ""Super League"", ""home"": ""kalamata"", ""away"": ""aris thessaloniki"", ""match"": ""Kalamata FC v Aris Thessaloniki"", ""key"": ""ou1.5_over"", ""selection"": ""Over 1.5 goals"", ""prob"": 0.75961, ""fair_odds"": 1.31646, ""odds"": null, ""hit_rate"": 0.77766, ""hit_rate_n"": 27480}, {""date"": ""2026-08-22"", ""competition"": ""MEX-LIGAMX"", ""competition_name"": ""Liga MX"", ""home"": ""queretaro"", ""away"": ""toluca"", ""match"": ""Quer\u00e9taro v Toluca"", ""key"": ""hcp_home+1.5"", ""selection"": ""Home +1.5"", ""prob"": 0.75924, ""fair_odds"": 1.31711, ""odds"": null, ""hit_rate"": 0.77522, ""hit_rate_n"": 9289}, {""date"": ""2026-08-22"", ""competition"": ""SPL"", ""competition_name"": ""Premiership"", ""home"": ""hibernian"", ""away"": ""kilmarnock"", ""match"": ""Hibernian v Kilmarnock"", ""key"": ""ou1.5_over"", ""selection"": ""Over 1.5 goals"", ""prob"": 0.75867, ""fair_odds"": 1.31809, ""odds"": null, ""hit_rate"": 0.77766, ""hit_rate_n"": 27480}, {""date"": ""2026-08-22"", ""competition"": ""SB"", ""competition_name"": ""Serie B"", ""home"": ""avellino"", ""away"": ""arezzo"", ""match"": ""Avellino v Arezzo"", ""key"": ""corners11.5_under"", ""selection"": ""Under 11.5 corners"", ""prob"": 0.75816, ""fair_odds"": 1.31899, ""odds"": null, ""hit_rate"": 0.7731, ""hit_rate_n"": 15346}]",3.00000,1.00000,0.43725,won,,2026-09-10T12:21:17
2026-08-21,2026-08-21T08:11:19,4,3.00000,1.31607,0.33141,3.01740,,0.75838,2026-08-21,2026-08-23,"[{""date"": ""2026-08-23"", ""competition"": ""GSL"", ""competition_name"": ""Super League (Greece)"", ""home"": ""panathinaikos"", ""away"": ""kifisia"", ""match"": ""Panathinaikos v AE Kifisia FC"", ""key"": ""corners11.5_under"", ""selection"": ""Under 11.5 corners"", ""prob"": 0.759, ""fair_odds"": 1.31752, ""odds"": null, ""hit_rate"": 0.77341, ""hit_rate_n"": 15301}, {""date"": ""2026-08-21"", ""competition"": ""FL2"", ""competition_name"": ""Ligue 2"", ""home"": ""dunkerque"", ""away"": ""montpellier"", ""match"": ""USL Dunkerque v Montpellier"", ""key"": ""ou3.5_under"", ""selection"": ""Under 3.5 goals"", ""prob"": 0.75894, ""fair_odds"": 1.31763, ""odds"": null, ""hit_rate"": 0.77697, ""hit_rate_n"": 26871}, {""date"": ""2026-08-21"", ""competition"": ""FL2"", ""competition_name"": ""Ligue 2"", ""home"": ""pau"", ""away"": ""nancy"", ""match"": ""Pau FC v Nancy"", ""key"": ""corners11.5_under"", ""selection"": ""Under 11.5 corners"", ""prob"": 0.75863, ""fair_odds"": 1.31817, ""odds"": null, ""hit_rate"": 0.77341, ""hit_rate_n"": 15301}, {""date"": ""2026-08-22"", ""competition"": ""GSL"", ""competition_name"": ""Super League (Greece)"", ""home"": ""aek"", ""away"": ""iraklis"", ""match"": ""AEK Athens v Iraklis FC"", ""key"": ""corners11.5_under"", ""selection"": ""Under 11.5 corners"", ""prob"": 0.75838, ""fair_odds"": 1.3186, ""odds"": null, ""hit_rate"": 0.77341, ""hit_rate_n"": 15301}]",3.00000,1.00000,0.43664,won,,2026-09-10T12:21:17
2026-08-22,2026-08-22T10:00:24,4,3.00000,1.31607,0.33280,3.00484,,0.75890,2026-08-22,2026-08-23,"[{""date"": ""2026-08-23"", ""competition"": ""TSL"", ""competition_name"": ""S\u00fcper Lig"", ""home"": ""eyupspor"", ""away"": ""gaziantep"", ""match"": ""Ey\u00fcpspor v Gazi\u015fehir Gaziantep"", ""key"": ""tt0.5_away_over"", ""selection"": ""Away team over 0.5 goals"", ""prob"": 0.75982, ""fair_odds"": 1.31611, ""odds"": null, ""hit_rate"": 0.77423, ""hit_rate_n"": 34115}, {""date"": ""2026-08-22"", ""competition"": ""EL1"", ""competition_name"": ""League One"", ""home"": ""stockport"", ""away"": ""blackpool"", ""match"": ""Stockport County FC v Blackpool"", ""key"": ""tt2.5_home_under"", ""selection"": ""Home team under 2.5 goals"", ""prob"": 0.75971, ""fair_odds"": 1.3163, ""odds"": null, ""hit_rate"": 0.77423, ""hit_rate_n"": 34115}, {""date"": ""2026-08-23"", ""competition"": ""PD"", ""competition_name"": ""La Liga"", ""home"": ""atletico madrid"", ""away"": ""villarreal"", ""match"": ""Atl\u00e9tico Madrid v Villarreal"", ""key"": ""hcp_away+1.5"", ""selection"": ""Away +1.5"", ""prob"": 0.75969, ""fair_odds"": 1.31632, ""odds"": null, ""hit_rate"": 0.77393, ""hit_rate_n"": 9373}, {""date"": ""2026-08-23"", ""competition"": ""GSL"", ""competition_name"": ""Super League (Greece)"", ""home"": ""panathinaikos"", ""away"": ""kifisia"", ""match"": ""Panathinaikos v AE Kifisia FC"", ""key"": ""corners11.5_under"", ""selection"": ""Under 11.5 corners"", ""prob"": 0.7589, ""fair_odds"": 1.3177, ""odds"": null, ""hit_rate"": 0.7734, ""hit_rate_n"": 15296}]",3.00000,1.00000,0.43853,won,,2026-09-10T12:21:17
2026-08-23,2026-08-23T10:00:24,4,3.00000,1.31607,0.33225,3.00978,,0.75846,2026-08-23,2026-08-24,"[{""date"": ""2026-08-23"", ""competition"": ""TSL"", ""competition_name"": ""S\u00fcper Lig"", ""home"": ""eyupspor"", ""away"": ""gaziantep"", ""match"": ""Ey\u00fcpspor v Gazi\u015fehir Gaziantep"", ""key"": ""tt0.5_away_over"", ""selection"": ""Away team over 0.5 goals"", ""prob"": 0.75982, ""fair_odds"": 1.31611, ""odds"": null, ""hit_rate"": 0.77423, ""hit_rate_n"": 34115}, {""date"": ""2026-08-23"", ""competition"": ""PD"", ""competition_name"": ""La Liga"", ""home"": ""atletico madrid"", ""away"": ""villarreal"", ""match"": ""Atl\u00e9tico Madrid v Villarreal"", ""key"": ""hcp_away+1.5"", ""selection"": ""Away +1.5"", ""prob"": 0.75969, ""fair_odds"": 1.31632, ""odds"": null, ""hit_rate"": 0.77393, ""hit_rate_n"": 9373}, {""date"": ""2026-08-23"", ""competition"": ""GSL"", ""competition_name"": ""Super League (Greece)"", ""home"": ""panathinaikos"", ""away"": ""kifisia"", ""match"": ""Panathinaikos v AE Kifisia FC"", ""key"": ""corners11.5_under"", ""selection"": ""Under 11.5 corners"", ""prob"": 0.7589, ""fair_odds"": 1.3177, ""odds"": null, ""hit_rate"": 0.7734, ""hit_rate_n"": 15296}, {""date"": ""2026-08-24"", ""competition"": ""PD"", ""competition_name"": ""La Liga"", ""home"": ""malaga"", ""away"": ""deportivo la coruna"", ""match"": ""M\u00e1laga v Deportivo La Coru\u00f1a"", ""key"": ""tt1.5_away_under"", ""selection"": ""Away team under 1.5 goals"", ""prob"": 0.75846, ""fair_odds"": 1.31846, ""odds"": null, ""hit_rate"": 0.77423, ""hit_rate_n"": 34115}]",3.00000,1.00000,0.43780,won,,2026-09-10T12:21:17
2026-08-24,2026-08-24T11:03:39,4,3.00000,1.31607,0.32738,3.05452,,0.75336,2026-08-24,2026-08-25,"[{""date"": ""2026-08-24"", ""competition"": ""PD"", ""competition_name"": ""La Liga"", ""home"": ""malaga"", ""away"": ""deportivo la coruna"", ""match"": ""M\u00e1laga v Deportivo La Coru\u00f1a"", ""key"": ""tt1.5_away_under"", ""selection"": ""Away team under 1.5 goals"", ""prob"": 0.75846, ""fair_odds"": 1.31846, ""odds"": null, ""hit_rate"": 0.77423, ""hit_rate_n"": 34115}, {""date"": ""2026-08-24"", ""competition"": ""FL2"", ""competition_name"": ""Ligue 2"", ""home"": ""reims"", ""away"": ""annecy"", ""match"": ""Stade de Reims v Annecy FC"", ""key"": ""ou1.5_over"", ""selection"": ""Over 1.5 goals"", ""prob"": 0.75734, ""fair_odds"": 1.32041, ""odds"": null, ""hit_rate"": 0.77705, ""hit_rate_n"": 26907}, {""date"": ""2026-08-25"", ""competition"": ""ARG-LIGAPROF"", ""competition_name"": ""Liga Profesional"", ""home"": ""lanus"", ""away"": ""argentinos juniors"", ""match"": ""Lanus v Argentinos Juniors"", ""key"": ""tt1.5_away_under"", ""selection"": ""Away team under 1.5 goals"", ""prob"": 0.75654, ""fair_odds"": 1.32181, ""odds"": null, ""hit_rate"": 0.77423, ""hit_rate_n"": 34115}, {""date"": ""2026-08-24"", ""competition"": ""SA"", ""competition_name"": ""Serie A"", ""home"": ""roma"", ""away"": ""fiorentina"", ""match"": ""AS Roma v Fiorentina"", ""key"": ""tt2.5_home_under"", ""selection"": ""Home team under 2.5 goals"", ""prob"": 0.75336, ""fair_odds"": 1.32739, ""odds"": null, ""hit_rate"": 0.77423, ""hit_rate_n"": 34115}]",3.00000,0.00000,,lost,,2026-09-10T11:49:47
2026-08-25,2026-08-25T10:13:47,4,3.00000,1.31607,0.29754,3.36091,,0.71732,2026-08-25,2026-08-27,"[{""date"": ""2026-08-27"", ""competition"": ""PD"", ""competition_name"": ""La Liga"", ""home"": ""celta"", ""away"": ""osasuna"", ""match"": ""Celta Vigo v CA Osasuna"", ""key"": ""dc_1x"", ""selection"": ""Home or draw (1X)"", ""prob"": 0.75554, ""fair_odds"": 1.32355, ""odds"": null, ""hit_rate"": 0.76066, ""hit_rate_n"": 17878}, {""date"": ""2026-08-27"", ""competition"": ""PD"", ""competition_name"": ""La Liga"", ""home"": ""barcelona"", ""away"": ""athletic bilbao"", ""match"": ""Barcelona v Athletic Bilbao"", ""key"": ""1x2_home"", ""selection"": ""Home win"", ""prob"": 0.74262, ""fair_odds"": 1.34659, ""odds"": 1.43, ""hit_rate"": 0.73436, ""hit_rate_n"": 1295}, {""date"": ""2026-08-26"", ""competition"": ""PD"", ""competition_name"": ""La Liga"", ""home"": ""real madrid"", ""away"": ""sociedad"", ""match"": ""Real Madrid v Real Sociedad"", ""key"": ""1x2_home"", ""selection"": ""Home win"", ""prob"": 0.73928, ""fair_odds"": 1.35267, ""odds"": 1.44, ""hit_rate"": 0.73436, ""hit_rate_n"": 1295}, {""date"": ""2026-08-25"", ""competition"": ""PD"", ""competition_name"": ""La Liga"", ""home"": ""valencia"", ""away"": ""betis"", ""match"": ""Valencia v Real Betis"", ""key"": ""dc_12"", ""selection"": ""Home or away (12)"", ""prob"": 0.71732, ""fair_odds"": 1.39408, ""odds"": null, ""hit_rate"": 0.72013, ""hit_rate_n"": 29728}]",3.00000,0.00000,,lost,,2026-09-01T13:57:51
2026-08-26,2026-08-26T11:01:26,4,3.00000,1.31607,0.31888,3.13601,,0.74262,2026-08-26,2026-08-28,"[{""date"": ""2026-08-26"", ""competition"": ""PD"", ""competition_name"": ""La Liga"", ""home"": ""real madrid"", ""away"": ""sociedad"", ""match"": ""Real Madrid v Real Sociedad"", ""key"": ""corners7.5_over"", ""selection"": ""Over 7.5 corners"", ""prob"": 0.75944, ""fair_odds"": 1.31676, ""odds"": null, ""hit_rate"": 0.77361, ""hit_rate_n"": 15460}, {""date"": ""2026-08-27"", ""competition"": ""PD"", ""competition_name"": ""La Liga"", ""home"": ""celta"", ""away"": ""osasuna"", ""match"": ""Celta Vigo v CA Osasuna"", ""key"": ""dc_1x"", ""selection"": ""Home or draw (1X)"", ""prob"": 0.75554, ""fair_odds"": 1.32355, ""odds"": null, ""hit_rate"": 0.76066, ""hit_rate_n"": 17878}, {""date"": ""2026-08-28"", ""competition"": ""BL2"", ""competition_name"": ""2. Bundesliga"", ""home"": ""braunschweig"", ""away"": ""hertha"", ""match"": ""Eintracht Braunschweig v Hertha Berlin"", ""key"": ""dc_12"", ""selection"": ""Home or away (12)"", ""prob"": 0.74835, ""fair_odds"": 1.33628, ""odds"": null, ""hit_rate"": 0.72013, ""hit_rate_n"": 29728}, {""date"": ""2026-08-27"", ""competition"": ""PD"", ""competition_name"": ""La Liga"", ""home"": ""barcelona"", ""away"": ""athletic bilbao"", ""match"": ""Barcelona v Athletic Bilbao"", ""key"": ""1x2_home"", ""selection"": ""Home win"", ""prob"": 0.74262, ""fair_odds"": 1.34659, ""odds"": 1.43, ""hit_rate"": 0.73436, ""hit_rate_n"": 1295}]",3.00000,0.00000,,lost,,2026-09-01T13:57:51
2026-09-01,2026-09-01T14:03:38,4,3.00000,1.31607,0.33213,3.01087,,0.75829,2026-09-01,2026-09-02,"[{""date"": ""2026-09-02"", ""competition"": ""SPL"", ""competition_name"": ""Premiership"", ""home"": ""kilmarnock"", ""away"": ""st mirren"", ""match"": ""Kilmarnock v St Mirren"", ""key"": ""corners7.5_over"", ""selection"": ""Over 7.5 corners"", ""prob"": 0.75958, ""fair_odds"": 1.31651, ""odds"": null, ""hit_rate"": 0.77379, ""hit_rate_n"": 15145}, {""date"": ""2026-09-01"", ""competition"": ""ELC"", ""competition_name"": ""Championship"", ""home"": ""sheffield united"", ""away"": ""bolton"", ""match"": ""Sheffield United v Bolton Wanderers"", ""key"": ""corners8.5_over"", ""selection"": ""Over 8.5 corners"", ""prob"": 0.75935, ""fair_odds"": 1.31692, ""odds"": null, ""hit_rate"": 0.77379, ""hit_rate_n"": 15145}, {""date"": ""2026-09-02"", ""competition"": ""SPL"", ""competition_name"": ""Premiership"", ""home"": ""dundee"", ""away"": ""st johnstone"", ""match"": ""Dundee FC v St Johnstone"", ""key"": ""ou3.5_under"", ""selection"": ""Under 3.5 goals"", ""prob"": 0.75829, ""fair_odds"": 1.31876, ""odds"": null, ""hit_rate"": 0.77657, ""hit_rate_n"": 26953}, {""date"": ""2026-09-02"", ""competition"": ""AUT-BUNDESLI"", ""competition_name"": ""Bundesliga (Austria)"", ""home"": ""salzburg"", ""away"": ""rapid wien"", ""match"": ""RB Salzburg v Rapid Wien"", ""key"": ""tt0.5_away_over"", ""selection"": ""Away team over 0.5 goals"", ""prob"": 0.75938, ""fair_odds"": 1.31687, ""odds"": null, ""hit_rate"": 0.77316, ""hit_rate_n"": 34655}]",4.00000,0.00000,,won,,2026-09-10T11:49:47
2026-09-02,2026-09-02T09:11:20,4,3.00000,1.31607,0.33223,3.00993,,0.75829,2026-09-02,2026-09-04,"[{""date"": ""2026-09-02"", ""competition"": ""SPL"", ""competition_name"": ""Premiership"", ""home"": ""kilmarnock"", ""away"": ""st mirren"", ""match"": ""Kilmarnock v St Mirren"", ""key"": ""corners7.5_over"", ""selection"": ""Over 7.5 corners"", ""prob"": 0.75958, ""fair_odds"": 1.31651, ""odds"": null, ""hit_rate"": 0.77379, ""hit_rate_n"": 15145}, {""date"": ""2026-09-04"", ""competition"": ""SD"", ""competition_name"": ""Segunda Divisi\u00f3n"", ""home"": ""las palmas"", ""away"": ""leganes"", ""match"": ""Las Palmas v Legan\u00e9s"", ""key"": ""hcp_away+1.5"", ""selection"": ""Away +1.5"", ""prob"": 0.75959, ""fair_odds"": 1.3165, ""odds"": null, ""hit_rate"": 0.7744, ""hit_rate_n"": 9437}, {""date"": ""2026-09-02"", ""competition"": ""SPL"", ""competition_name"": ""Premiership"", ""home"": ""dundee"", ""away"": ""st johnstone"", ""match"": ""Dundee FC v St Johnstone"", ""key"": ""ou3.5_under"", ""selection"": ""Under 3.5 goals"", ""prob"": 0.75829, ""fair_odds"": 1.31876, ""odds"": null, ""hit_rate"": 0.77657, ""hit_rate_n"": 26953}, {""date"": ""2026-09-02"", ""competition"": ""AUT-BUNDESLI"", ""competition_name"": ""Bundesliga (Austria)"", ""home"": ""salzburg"", ""away"": ""rapid wien"", ""match"": ""RB Salzburg v Rapid Wien"", ""key"": ""tt0.5_away_over"", ""selection"": ""Away team over 0.5 goals"", ""prob"": 0.75938, ""fair_odds"": 1.31687, ""odds"": null, ""hit_rate"": 0.77316, ""hit_rate_n"": 34655}]",4.00000,0.00000,,won,,2026-09-10T11:49:47
2026-09-03,2026-09-03T09:11:31,4,3.00000,1.31607,0.33162,3.01547,,0.75829,2026-09-04,2026-09-05,"[{""date"": ""2026-09-04"", ""competition"": ""SD"", ""competition_name"": ""Segunda Divisi\u00f3n"", ""home"": ""las palmas"", ""away"": ""leganes"", ""match"": ""Las Palmas v Legan\u00e9s"", ""key"": ""hcp_away+1.5"", ""selection"": ""Away +1.5"", ""prob"": 0.75959, ""fair_odds"": 1.3165, ""odds"": null, ""hit_rate"": 0.7744, ""hit_rate_n"": 9437}, {""date"": ""2026-09-05"", ""competition"": ""FL2"", ""competition_name"": ""Ligue 2"", ""home"": ""metz"", ""away"": ""rodez"", ""match"": ""Metz v Rodez AF"", ""key"": ""corners7.5_over"", ""selection"": ""Over 7.5 corners"", ""prob"": 0.75897, ""fair_odds"": 1.31757, ""odds"": null, ""hit_rate"": 0.77379, ""hit_rate_n"": 15145}, {""date"": ""2026-09-05"", ""competition"": ""SB"", ""competition_name"": ""Serie B"", ""home"": ""ascoli"", ""away"": ""benevento"", ""match"": ""Ascoli v Benevento"", ""key"": ""corners8.5_over"", ""selection"": ""Over 8.5 corners"", ""prob"": 0.75859, ""fair_odds"": 1.31824, ""odds"": null, ""hit_rate"": 0.77379, ""hit_rate_n"": 15145}, {""date"": ""2026-09-05"", ""competition"": ""CHN-SUPERLEA"", ""competition_name"": ""Super League (China)"", ""home"": ""wuhan three towns"", ""away"": ""qingdao west coast"", ""match"": ""Wuhan Three Towns v Qingdao West Coast FC"", ""key"": ""ou3.5_under"", ""selection"": ""Under 3.5 goals"", ""prob"": 0.75829, ""fair_odds"": 1.31875, ""odds"": null, ""hit_rate"": 0.77657, ""hit_rate_n"": 26953}]",3.00000,0.00000,,lost,,2026-09-10T09:06:47
2026-09-04,2026-09-04T09:13:49,4,3.00000,1.31607,0.33181,3.01373,,0.75864,2026-09-05,2026-09-06,"[{""date"": ""2026-09-05"", ""competition"": ""FL2"", ""competition_name"": ""Ligue 2"", ""home"": ""metz"", ""away"": ""rodez"", ""match"": ""Metz v Rodez AF"", ""key"": ""corners7.5_over"", ""selection"": ""Over 7.5 corners"", ""prob"": 0.75934, ""fair_odds"": 1.31694, ""odds"": null, ""hit_rate"": 0.77362, ""hit_rate_n"": 15200}, {""date"": ""2026-09-06"", ""competition"": ""RUS-PREMIERL"", ""competition_name"": ""Premier League (Russia)"", ""home"": ""dinamo moscow"", ""away"": ""spartak moscow"", ""match"": ""Dinamo Moscow v Spartak Moscow"", ""key"": ""ou3.5_under"", ""selection"": ""Under 3.5 goals"", ""prob"": 0.75896, ""fair_odds"": 1.31759, ""odds"": null, ""hit_rate"": 0.7767, ""hit_rate_n"": 26968}, {""date"": ""2026-09-05"", ""competition"": ""SB"", ""competition_name"": ""Serie B"", ""home"": ""ascoli"", ""away"": ""benevento"", ""match"": ""Ascoli v Benevento"", ""key"": ""corners8.5_over"", ""selection"": ""Over 8.5 corners"", ""prob"": 0.75893, ""fair_odds"": 1.31764, ""odds"": null, ""hit_rate"": 0.77362, ""hit_rate_n"": 15200}, {""date"": ""2026-09-06"", ""competition"": ""PL"", ""competition_name"": ""Premier League (England)"", ""home"": ""arsenal"", ""away"": ""chelsea"", ""match"": ""Arsenal v Chelsea"", ""key"": ""ou1.5_over"", ""selection"": ""Over 1.5 goals"", ""prob"": 0.75864, ""fair_odds"": 1.31814, ""odds"": null, ""hit_rate"": 0.7767, ""hit_rate_n"": 26968}]",4.00000,0.00000,,won,,2026-09-10T13:38:00
2026-09-05,2026-09-05T09:12:07,4,3.00000,1.31607,0.33203,3.01181,,0.75893,2026-09-05,2026-09-07,"[{""date"": ""2026-09-05"", ""competition"": ""FL2"", ""competition_name"": ""Ligue 2"", ""home"": ""metz"", ""away"": ""rodez"", ""match"": ""Metz v Rodez AF"", ""key"": ""corners7.5_over"", ""selection"": ""Over 7.5 corners"", ""prob"": 0.75934, ""fair_odds"": 1.31694, ""odds"": null, ""hit_rate"": 0.77362, ""hit_rate_n"": 15200}, {""date"": ""2026-09-07"", ""competition"": ""FL2"", ""competition_name"": ""Ligue 2"", ""home"": ""nantes"", ""away"": ""nancy"", ""match"": ""Nantes v Nancy"", ""key"": ""ou3.5_under"", ""selection"": ""Under 3.5 goals"", ""prob"": 0.75913, ""fair_odds"": 1.3173, ""odds"": null, ""hit_rate"": 0.7767, ""hit_rate_n"": 26968}, {""date"": ""2026-09-06"", ""competition"": ""RUS-PREMIERL"", ""competition_name"": ""Premier League (Russia)"", ""home"": ""dinamo moscow"", ""away"": ""spartak moscow"", ""match"": ""Dinamo Moscow v Spartak Moscow"", ""key"": ""ou3.5_under"", ""selection"": ""Under 3.5 goals"", ""prob"": 0.75896, ""fair_odds"": 1.31759, ""odds"": null, ""hit_rate"": 0.7767, ""hit_rate_n"": 26968}, {""date"": ""2026-09-05"", ""competition"": ""SB"", ""competition_name"": ""Serie B"", ""home"": ""ascoli"", ""away"": ""benevento"", ""match"": ""Ascoli v Benevento"", ""key"": ""corners8.5_over"", ""selection"": ""Over 8.5 corners"", ""prob"": 0.75893, ""fair_odds"": 1.31764, ""odds"": null, ""hit_rate"": 0.77362, ""hit_rate_n"": 15200}]",4.00000,0.00000,,won,,2026-09-10T13:38:01
2026-09-06,2026-09-06T09:09:58,4,3.00000,1.31607,0.33155,3.01617,,0.75853,2026-09-06,2026-09-07,"[{""date"": ""2026-09-07"", ""competition"": ""FL2"", ""competition_name"": ""Ligue 2"", ""home"": ""nantes"", ""away"": ""nancy"", ""match"": ""Nantes v Nancy"", ""key"": ""ou3.5_under"", ""selection"": ""Under 3.5 goals"", ""prob"": 0.75913, ""fair_odds"": 1.3173, ""odds"": null, ""hit_rate"": 0.7767, ""hit_rate_n"": 26968}, {""date"": ""2026-09-06"", ""competition"": ""RUS-PREMIERL"", ""competition_name"": ""Premier League (Russia)"", ""home"": ""dinamo moscow"", ""away"": ""spartak moscow"", ""match"": ""Dinamo Moscow v Spartak Moscow"", ""key"": ""ou3.5_under"", ""selection"": ""Under 3.5 goals"", ""prob"": 0.75896, ""fair_odds"": 1.31759, ""odds"": null, ""hit_rate"": 0.7767, ""hit_rate_n"": 26968}, {""date"": ""2026-09-06"", ""competition"": ""PL"", ""competition_name"": ""Premier League (England)"", ""home"": ""arsenal"", ""away"": ""chelsea"", ""match"": ""Arsenal v Chelsea"", ""key"": ""ou1.5_over"", ""selection"": ""Over 1.5 goals"", ""prob"": 0.75864, ""fair_odds"": 1.31814, ""odds"": null, ""hit_rate"": 0.7767, ""hit_rate_n"": 26968}, {""date"": ""2026-09-06"", ""competition"": ""SD"", ""competition_name"": ""Segunda Divisi\u00f3n"", ""home"": ""castellon"", ""away"": ""albacete"", ""match"": ""CD Castell\u00f3n v Albacete"", ""key"": ""ou1.5_over"", ""selection"": ""Over 1.5 goals"", ""prob"": 0.75853, ""fair_odds"": 1.31834, ""odds"": null, ""hit_rate"": 0.7767, ""hit_rate_n"": 26968}]",4.00000,0.00000,,won,,2026-09-10T13:38:01
2026-09-07,2026-09-07T09:12:41,4,3.00000,1.31607,0.32963,3.03374,,0.75640,2026-09-07,2026-09-07,"[{""date"": ""2026-09-07"", ""competition"": ""FL2"", ""competition_name"": ""Ligue 2"", ""home"": ""nantes"", ""away"": ""nancy"", ""match"": ""Nantes v Nancy"", ""key"": ""ou3.5_under"", ""selection"": ""Under 3.5 goals"", ""prob"": 0.75913, ""fair_odds"": 1.3173, ""odds"": null, ""hit_rate"": 0.7767, ""hit_rate_n"": 26968}, {""date"": ""2026-09-07"", ""competition"": ""PPL"", ""competition_name"": ""Primeira Liga"", ""home"": ""estoril"", ""away"": ""arouca"", ""match"": ""Estoril v Arouca"", ""key"": ""corners11.5_under"", ""selection"": ""Under 11.5 corners"", ""prob"": 0.75782, ""fair_odds"": 1.31957, ""odds"": null, ""hit_rate"": 0.77362, ""hit_rate_n"": 15200}, {""date"": ""2026-09-07"", ""competition"": ""SB"", ""competition_name"": ""Serie B"", ""home"": ""palermo"", ""away"": ""sampdoria"", ""match"": ""Palermo v Sampdoria"", ""key"": ""ou3.5_under"", ""selection"": ""Under 3.5 goals"", ""prob"": 0.75751, ""fair_odds"": 1.32012, ""odds"": null, ""hit_rate"": 0.7767, ""hit_rate_n"": 26968}, {""date"": ""2026-09-07"", ""competition"": ""TSL"", ""competition_name"": ""S\u00fcper Lig"", ""home"": ""rizespor"", ""away"": ""alanyaspor"", ""match"": ""\u00c7aykur Rizespor v Alanyaspor"", ""key"": ""ou1.5_over"", ""selection"": ""Over 1.5 goals"", ""prob"": 0.7564, ""fair_odds"": 1.32204, ""odds"": null, ""hit_rate"": 0.7767, ""hit_rate_n"": 26968}]",2.00000,0.00000,,lost,,2026-09-10T09:06:47
2026-09-08,2026-09-08T09:11:05,4,3.00000,1.31607,0.32665,3.06135,,0.75398,2026-09-09,2026-09-10,"[{""date"": ""2026-09-10"", ""competition"": ""USA-MLS"", ""competition_name"": ""MLS"", ""home"": ""portland timbers"", ""away"": ""st louis city"", ""match"": ""Portland Timbers v St. Louis City SC"", ""key"": ""dc_12"", ""selection"": ""Home or away (12)"", ""prob"": 0.75895, ""fair_odds"": 1.31762, ""odds"": null, ""hit_rate"": 0.7625, ""hit_rate_n"": 17023}, {""date"": ""2026-09-10"", ""competition"": ""USA-MLS"", ""competition_name"": ""MLS"", ""home"": ""chicago fire"", ""away"": ""inter miami"", ""match"": ""Chicago Fire v Inter Miami CF"", ""key"": ""tt2.5_away_under"", ""selection"": ""Away team under 2.5 goals"", ""prob"": 0.75398, ""fair_odds"": 1.32629, ""odds"": null, ""hit_rate"": 0.77313, ""hit_rate_n"": 34716}, {""date"": ""2026-09-09"", ""competition"": ""USA-MLS"", ""competition_name"": ""MLS"", ""home"": ""montreal"", ""away"": ""charlotte"", ""match"": ""CF Montreal v Charlotte FC"", ""key"": ""dc_12"", ""selection"": ""Home or away (12)"", ""prob"": 0.75554, ""fair_odds"": 1.32356, ""odds"": null, ""hit_rate"": 0.7625, ""hit_rate_n"": 17023}, {""date"": ""2026-09-10"", ""competition"": ""USA-MLS"", ""competition_name"": ""MLS"", ""home"": ""new york city"", ""away"": ""new england revolution"", ""match"": ""New York City FC v New England Revolution"", ""key"": ""dc_12"", ""selection"": ""Home or away (12)"", ""prob"": 0.75554, ""fair_odds"": 1.32356, ""odds"": null, ""hit_rate"": 0.7625, ""hit_rate_n"": 17023}]",3.00000,0.00000,,lost,,2026-09-10T12:57:09
2026-09-09,2026-09-09T09:13:23,4,3.00000,1.31607,0.32579,3.06949,,0.75354,2026-09-10,2026-09-11,"[{""date"": ""2026-09-10"", ""competition"": ""USA-MLS"", ""competition_name"": ""MLS"", ""home"": ""portland timbers"", ""away"": ""st louis city"", ""match"": ""Portland Timbers v St. Louis City SC"", ""key"": ""dc_12"", ""selection"": ""Home or away (12)"", ""prob"": 0.75895, ""fair_odds"": 1.31762, ""odds"": null, ""hit_rate"": 0.7625, ""hit_rate_n"": 17023}, {""date"": ""2026-09-11"", ""competition"": ""DED"", ""competition_name"": ""Eredivisie"", ""home"": ""az alkmaar"", ""away"": ""willem ii"", ""match"": ""AZ Alkmaar v Willem II"", ""key"": ""hcp_home-1.5"", ""selection"": ""Home -1.5"", ""prob"": 0.75354, ""fair_odds"": 1.32708, ""odds"": null, ""hit_rate"": 0.77415, ""hit_rate_n"": 9493}, {""date"": ""2026-09-10"", ""competition"": ""USA-MLS"", ""competition_name"": ""MLS"", ""home"": ""chicago fire"", ""away"": ""inter miami"", ""match"": ""Chicago Fire v Inter Miami CF"", ""key"": ""tt2.5_away_under"", ""selection"": ""Away team under 2.5 goals"", ""prob"": 0.75398, ""fair_odds"": 1.32629, ""odds"": null, ""hit_rate"": 0.77313, ""hit_rate_n"": 34716}, {""date"": ""2026-09-10"", ""competition"": ""USA-MLS"", ""competition_name"": ""MLS"", ""home"": ""minnesota united"", ""away"": ""dallas"", ""match"": ""Minnesota United FC v FC Dallas"", ""key"": ""dc_12"", ""selection"": ""Home or away (12)"", ""prob"": 0.75554, ""fair_odds"": 1.32356, ""odds"": null, ""hit_rate"": 0.7625, ""hit_rate_n"": 17023}]",2.00000,0.00000,,lost,,2026-09-15T09:09:10
2026-09-10,2026-09-10T09:13:53,4,3.00000,1.31607,0.33169,3.01490,,0.75867,2026-09-12,2026-09-12,"[{""date"": ""2026-09-12"", ""competition"": ""BJL"", ""competition_name"": ""Pro League"", ""home"": ""beveren"", ""away"": ""sint truiden"", ""match"": ""SK Beveren v Sint Truiden"", ""key"": ""corners7.5_over"", ""selection"": ""Over 7.5 corners"", ""prob"": 0.7594, ""fair_odds"": 1.31683, ""odds"": null, ""hit_rate"": 0.77358, ""hit_rate_n"": 15215}, {""date"": ""2026-09-12"", ""competition"": ""BL1"", ""competition_name"": ""Bundesliga (Germany)"", ""home"": ""freiburg"", ""away"": ""borussia monchengladbach"", ""match"": ""SC Freiburg v Borussia Monchengladbach"", ""key"": ""corners10.5_under"", ""selection"": ""Under 10.5 corners"", ""prob"": 0.75878, ""fair_odds"": 1.3179, ""odds"": null, ""hit_rate"": 0.77358, ""hit_rate_n"": 15215}, {""date"": ""2026-09-12"", ""competition"": ""BL2"", ""competition_name"": ""2. Bundesliga"", ""home"": ""braunschweig"", ""away"": ""dresden"", ""match"": ""Eintracht Braunschweig v Dynamo Dresden"", ""key"": ""ou1.5_over"", ""selection"": ""Over 1.5 goals"", ""prob"": 0.75873, ""fair_odds"": 1.318, ""odds"": null, ""hit_rate"": 0.7774, ""hit_rate_n"": 27767}, {""date"": ""2026-09-12"", ""competition"": ""BL2"", ""competition_name"": ""2. Bundesliga"", ""home"": ""st pauli"", ""away"": ""wolfsburg"", ""match"": ""FC St. Pauli v VfL Wolfsburg"", ""key"": ""corners8.5_over"", ""selection"": ""Over 8.5 corners"", ""prob"": 0.75867, ""fair_odds"": 1.31809, ""odds"": null, ""hit_rate"": 0.77358, ""hit_rate_n"": 15215}]",3.00000,0.00000,,lost,,2026-09-15T09:09:10
2026-09-11,2026-09-11T08:17:32,4,3.00000,1.31607,0.33252,3.00734,,0.75898,2026-09-12,2026-09-13,"[{""date"": ""2026-09-12"", ""competition"": ""PL"", ""competition_name"": ""Premier League"", ""home"": ""liverpool"", ""away"": ""fulham"", ""match"": ""Liverpool v Fulham"", ""key"": ""ou4.5_under"", ""selection"": ""Under 4.5 goals"", ""prob"": 0.75979, ""fair_odds"": 1.31616, ""odds"": null, ""hit_rate"": 0.77767, ""hit_rate_n"": 27851}, {""date"": ""2026-09-13"", ""competition"": ""PPL"", ""competition_name"": ""Primeira Liga"", ""home"": ""benfica"", ""away"": ""gil vicente"", ""match"": ""Benfica v Gil Vicente"", ""key"": ""corners11.5_under"", ""selection"": ""Under 11.5 corners"", ""prob"": 0.75956, ""fair_odds"": 1.31655, ""odds"": null, ""hit_rate"": 0.77432, ""hit_rate_n"": 18048}, {""date"": ""2026-09-12"", ""competition"": ""PPL"", ""competition_name"": ""Primeira Liga"", ""home"": ""casa pia"", ""away"": ""porto"", ""match"": ""Casa Pia v FC Porto"", ""key"": ""corners11.5_under"", ""selection"": ""Under 11.5 corners"", ""prob"": 0.75916, ""fair_odds"": 1.31725, ""odds"": null, ""hit_rate"": 0.77432, ""hit_rate_n"": 18048}, {""date"": ""2026-09-12"", ""competition"": ""EL2"", ""competition_name"": ""League Two"", ""home"": ""port vale"", ""away"": ""exeter"", ""match"": ""Port Vale v Exeter City"", ""key"": ""corners11.5_under"", ""selection"": ""Under 11.5 corners"", ""prob"": 0.75898, ""fair_odds"": 1.31756, ""odds"": null, ""hit_rate"": 0.77432, ""hit_rate_n"": 18048}]",2.00000,0.00000,,lost,,2026-09-15T09:09:10
2026-09-11,2026-09-11T09:55:06,2,3.00000,1.73205,0.33176,3.01419,,0.57584,2026-09-12,2026-09-12,"[{""date"": ""2026-09-12"", ""competition"": ""SB"", ""competition_name"": ""Serie B"", ""home"": ""padova"", ""away"": ""ascoli"", ""match"": ""Padova v Ascoli"", ""key"": ""dc_x2"", ""selection"": ""Draw or away (X2)"", ""prob"": 0.57614, ""fair_odds"": 1.73569, ""odds"": null, ""hit_rate"": 0.55326, ""hit_rate_n"": 15658}, {""date"": ""2026-09-12"", ""competition"": ""GSL"", ""competition_name"": ""Super League (Greece)"", ""home"": ""iraklis"", ""away"": ""atromitos"", ""match"": ""Iraklis FC v Atromitos Athens"", ""key"": ""corners7.5_over"", ""selection"": ""Over 7.5 corners"", ""prob"": 0.57584, ""fair_odds"": 1.73659, ""odds"": null, ""hit_rate"": 0.54243, ""hit_rate_n"": 48141}]",0.00000,0.00000,,lost,,2026-09-15T09:09:10
2026-09-11,2026-09-11T09:55:06,3,3.00000,1.44225,0.33160,3.01566,,0.69185,2026-09-11,2026-09-13,"[{""date"": ""2026-09-13"", ""competition"": ""USA-MLS"", ""competition_name"": ""MLS"", ""home"": ""chicago fire"", ""away"": ""new england revolution"", ""match"": ""Chicago Fire v New England Revolution"", ""key"": ""hcp_away+1.5"", ""selection"": ""Away +1.5"", ""prob"": 0.6927, ""fair_odds"": 1.44363, ""odds"": null, ""hit_rate"": 0.65257, ""hit_rate_n"": 7541}, {""date"": ""2026-09-11"", ""competition"": ""TSL"", ""competition_name"": ""S\u00fcper Lig"", ""home"": ""besiktas"", ""away"": ""erzurumspor"", ""match"": ""Besiktas JK v Erzurum BB"", ""key"": ""tt1.5_home_over"", ""selection"": ""Home team over 1.5 goals"", ""prob"": 0.69193, ""fair_odds"": 1.44524, ""odds"": null, ""hit_rate"": 0.65247, ""hit_rate_n"": 62791}, {""date"": ""2026-09-12"", ""competition"": ""AUT-BUNDESLI"", ""competition_name"": ""Bundesliga (Austria)"", ""home"": ""wolfsberger"", ""away"": ""rapid"", ""match"": ""Wolfsberger AC v Rapid Wien"", ""key"": ""tt0.5_home_over"", ""selection"": ""Home team over 0.5 goals"", ""prob"": 0.69185, ""fair_odds"": 1.4454, ""odds"": null, ""hit_rate"": 0.65247, ""hit_rate_n"": 62791}]",2.00000,0.00000,,lost,,2026-09-16T09:07:11
2026-09-11,2026-09-11T09:55:06,5,3.00000,1.24573,0.33233,3.00905,,0.80187,2026-09-12,2026-09-13,"[{""date"": ""2026-09-12"", ""competition"": ""ELC"", ""competition_name"": ""Championship"", ""home"": ""bolton"", ""away"": ""cardiff"", ""match"": ""Bolton Wanderers v Cardiff City"", ""key"": ""ou4.5_under"", ""selection"": ""Under 4.5 goals"", ""prob"": 0.80265, ""fair_odds"": 1.24588, ""odds"": null, ""hit_rate"": 0.82496, ""hit_rate_n"": 21458}, {""date"": ""2026-09-13"", ""competition"": ""NOR-ELITESER"", ""competition_name"": ""Eliteserien"", ""home"": ""fredrikstad"", ""away"": ""sarpsborg 08"", ""match"": ""Fredrikstad FK v Sarpsborg FK"", ""key"": ""ou1.5_over"", ""selection"": ""Over 1.5 goals"", ""prob"": 0.80251, ""fair_odds"": 1.2461, ""odds"": null, ""hit_rate"": 0.82496, ""hit_rate_n"": 21458}, {""date"": ""2026-09-13"", ""competition"": ""FL1"", ""competition_name"": ""Ligue 1"", ""home"": ""lille"", ""away"": ""troyes"", ""match"": ""Lille v Troyes"", ""key"": ""ou1.5_over"", ""selection"": ""Over 1.5 goals"", ""prob"": 0.80226, ""fair_odds"": 1.24648, ""odds"": null, ""hit_rate"": 0.82496, ""hit_rate_n"": 21458}, {""date"": ""2026-09-12"", ""competition"": ""AUT-BUNDESLI"", ""competition_name"": ""Bundesliga (Austria)"", ""home"": ""wolfsberger"", ""away"": ""rapid"", ""match"": ""Wolfsberger AC v Rapid Wien"", ""key"": ""ou4.5_under"", ""selection"": ""Under 4.5 goals"", ""prob"": 0.80201, ""fair_odds"": 1.24686, ""odds"": null, ""hit_rate"": 0.82496, ""hit_rate_n"": 21458}, {""date"": ""2026-09-12"", ""competition"": ""SD"", ""competition_name"": ""Segunda Divisi\u00f3n"", ""home"": ""cordoba"", ""away"": ""almeria"", ""match"": ""C\u00f3rdoba v Almer\u00eda"", ""key"": ""ou1.5_over"", ""selection"": ""Over 1.5 goals"", ""prob"": 0.80187, ""fair_odds"": 1.24709, ""odds"": null, ""hit_rate"": 0.82496, ""hit_rate_n"": 21458}]",5.00000,0.00000,,won,,2026-09-16T09:07:11
2026-09-11,2026-09-11T09:55:06,6,3.00000,1.20094,0.32908,3.03879,,0.83026,2026-09-12,2026-09-13,"[{""date"": ""2026-09-13"", ""competition"": ""BJL"", ""competition_name"": ""Pro League"", ""home"": ""waregem"", ""away"": ""charleroi"", ""match"": ""SV Zulte-Waregem v Charleroi"", ""key"": ""ou4.5_under"", ""selection"": ""Under 4.5 goals"", ""prob"": 0.83178, ""fair_odds"": 1.20224, ""odds"": null, ""hit_rate"": 0.82496, ""hit_rate_n"": 21458}, {""date"": ""2026-09-13"", ""competition"": ""USA-MLS"", ""competition_name"": ""MLS"", ""home"": ""los angeles galaxy"", ""away"": ""seattle sounders"", ""match"": ""LA Galaxy v Seattle Sounders FC"", ""key"": ""ou1.5_over"", ""selection"": ""Over 1.5 goals"", ""prob"": 0.83141, ""fair_odds"": 1.20278, ""odds"": null, ""hit_rate"": 0.82496, ""hit_rate_n"": 21458}, {""date"": ""2026-09-12"", ""competition"": ""JPN-J1LEAGUE"", ""competition_name"": ""J1 League"", ""home"": ""v varen nagasaki"", ""away"": ""nagoya grampus"", ""match"": ""V-Varen Nagasaki v Nagoya Grampus"", ""key"": ""ou4.5_under"", ""selection"": ""Under 4.5 goals"", ""prob"": 0.83141, ""fair_odds"": 1.20278, ""odds"": null, ""hit_rate"": 0.82496, ""hit_rate_n"": 21458}, {""date"": ""2026-09-12"", ""competition"": ""BL1"", ""competition_name"": ""Bundesliga (Germany)"", ""home"": ""fc koln"", ""away"": ""werder bremen"", ""match"": ""1. FC K\u00f6ln v Werder Bremen"", ""key"": ""ou1.5_over"", ""selection"": ""Over 1.5 goals"", ""prob"": 0.83029, ""fair_odds"": 1.2044, ""odds"": null, ""hit_rate"": 0.82496, ""hit_rate_n"": 21458}, {""date"": ""2026-09-12"", ""competition"": ""EL1"", ""competition_name"": ""League One"", ""home"": ""milton keynes dons"", ""away"": ""peterborough"", ""match"": ""Milton Keynes Dons v Peterborough United"", ""key"": ""ou1.5_over"", ""selection"": ""Over 1.5 goals"", ""prob"": 0.83027, ""fair_odds"": 1.20442, ""odds"": null, ""hit_rate"": 0.82496, ""hit_rate_n"": 21458}, {""date"": ""2026-09-13"", ""competition"": ""NOR-ELITESER"", ""competition_name"": ""Eliteserien"", ""home"": ""start"", ""away"": ""brann"", ""match"": ""IK Start v SK Brann"", ""key"": ""ou1.5_over"", ""selection"": ""Over 1.5 goals"", ""prob"": 0.83026, ""fair_odds"": 1.20444, ""odds"": null, ""hit_rate"": 0.82496, ""hit_rate_n"": 21458}]",6.00000,0.00000,,won,,2026-09-16T09:07:11
2026-09-12,2026-09-12T09:14:23,2,3.00000,1.73205,0.33213,3.01088,,0.57614,2026-09-12,2026-09-14,"[{""date"": ""2026-09-14"", ""competition"": ""POL-EKSTRAKL"", ""competition_name"": ""Ekstraklasa"", ""home"": ""radomiak radom"", ""away"": ""piast gliwice"", ""match"": ""Radomiak Radom v Piast Gliwice"", ""key"": ""btts_yes"", ""selection"": ""Both teams to score"", ""prob"": 0.57647, ""fair_odds"": 1.73469, ""odds"": null, ""hit_rate"": 0.54671, ""hit_rate_n"": 45933}, {""date"": ""2026-09-12"", ""competition"": ""SB"", ""competition_name"": ""Serie B"", ""home"": ""padova"", ""away"": ""ascoli"", ""match"": ""Padova v Ascoli"", ""key"": ""dc_x2"", ""selection"": ""Draw or away (X2)"", ""prob"": 0.57614, ""fair_odds"": 1.73569, ""odds"": null, ""hit_rate"": 0.55326, ""hit_rate_n"": 15658}]",0.00000,0.00000,,lost,,2026-09-16T09:07:11
2026-09-12,2026-09-12T09:14:23,3,3.00000,1.44225,0.33153,3.01633,,0.69178,2026-09-12,2026-09-13,"[{""date"": ""2026-09-13"", ""competition"": ""USA-MLS"", ""competition_name"": ""MLS"", ""home"": ""chicago fire"", ""away"": ""new england revolution"", ""match"": ""Chicago Fire v New England Revolution"", ""key"": ""hcp_away+1.5"", ""selection"": ""Away +1.5"", ""prob"": 0.6927, ""fair_odds"": 1.44363, ""odds"": null, ""hit_rate"": 0.65257, ""hit_rate_n"": 7541}, {""date"": ""2026-09-12"", ""competition"": ""AUT-BUNDESLI"", ""competition_name"": ""Bundesliga (Austria)"", ""home"": ""wolfsberger"", ""away"": ""rapid"", ""match"": ""Wolfsberger AC v Rapid Wien"", ""key"": ""tt0.5_home_over"", ""selection"": ""Home team over 0.5 goals"", ""prob"": 0.69185, ""fair_odds"": 1.4454, ""odds"": null, ""hit_rate"": 0.65247, ""hit_rate_n"": 62791}, {""date"": ""2026-09-13"", ""competition"": ""SD"", ""competition_name"": ""Segunda Divisi\u00f3n"", ""home"": ""valladolid"", ""away"": ""oviedo"", ""match"": ""Real Valladolid CF v Oviedo"", ""key"": ""dc_1x"", ""selection"": ""Home or draw (1X)"", ""prob"": 0.69178, ""fair_odds"": 1.44555, ""odds"": null, ""hit_rate"": 0.65962, ""hit_rate_n"": 30040}]",1.00000,0.00000,,lost,,2026-09-16T09:07:11
2026-09-12,2026-09-12T09:14:23,4,3.00000,1.31607,0.33252,3.00734,,0.75898,2026-09-12,2026-09-13,"[{""date"": ""2026-09-12"", ""competition"": ""PL"", ""competition_name"": ""Premier League"", ""home"": ""liverpool"", ""away"": ""fulham"", ""match"": ""Liverpool v Fulham"", ""key"": ""ou4.5_under"", ""selection"": ""Under 4.5 goals"", ""prob"": 0.75979, ""fair_odds"": 1.31616, ""odds"": null, ""hit_rate"": 0.77767, ""hit_rate_n"": 27851}, {""date"": ""2026-09-13"", ""competition"": ""PPL"", ""competition_name"": ""Primeira Liga"", ""home"": ""benfica"", ""away"": ""gil vicente"", ""match"": ""Benfica v Gil Vicente"", ""key"": ""corners11.5_under"", ""selection"": ""Under 11.5 corners"", ""prob"": 0.75956, ""fair_odds"": 1.31655, ""odds"": null, ""hit_rate"": 0.77432, ""hit_rate_n"": 18048}, {""date"": ""2026-09-12"", ""competition"": ""PPL"", ""competition_name"": ""Primeira Liga"", ""home"": ""casa pia"", ""away"": ""porto"", ""match"": ""Casa Pia v FC Porto"", ""key"": ""corners11.5_under"", ""selection"": ""Under 11.5 corners"", ""prob"": 0.75916, ""fair_odds"": 1.31725, ""odds"": null, ""hit_rate"": 0.77432, ""hit_rate_n"": 18048}, {""date"": ""2026-09-12"", ""competition"": ""EL2"", ""competition_name"": ""League Two"", ""home"": ""grimsby"", ""away"": ""bristol rovers"", ""match"": ""Grimsby Town v Bristol Rovers"", ""key"": ""corners7.5_over"", ""selection"": ""Over 7.5 corners"", ""prob"": 0.75898, ""fair_odds"": 1.31756, ""odds"": null, ""hit_rate"": 0.77432, ""hit_rate_n"": 18048}]",2.00000,0.00000,,lost,,2026-09-15T09:09:10
2026-09-12,2026-09-12T09:14:23,5,3.00000,1.24573,0.33260,3.00659,,0.80201,2026-09-12,2026-09-14,"[{""date"": ""2026-09-12"", ""competition"": ""ELC"", ""competition_name"": ""Championship"", ""home"": ""bolton"", ""away"": ""cardiff"", ""match"": ""Bolton Wanderers v Cardiff City"", ""key"": ""ou4.5_under"", ""selection"": ""Under 4.5 goals"", ""prob"": 0.80265, ""fair_odds"": 1.24588, ""odds"": null, ""hit_rate"": 0.82496, ""hit_rate_n"": 21458}, {""date"": ""2026-09-14"", ""competition"": ""SWE-ALLSVENS"", ""competition_name"": ""Allsvenskan"", ""home"": ""djurgarden"", ""away"": ""gais"", ""match"": ""Djurgardens IF v GAIS"", ""key"": ""ou4.5_under"", ""selection"": ""Under 4.5 goals"", ""prob"": 0.80252, ""fair_odds"": 1.24607, ""odds"": null, ""hit_rate"": 0.82496, ""hit_rate_n"": 21458}, {""date"": ""2026-09-13"", ""competition"": ""NOR-ELITESER"", ""competition_name"": ""Eliteserien"", ""home"": ""fredrikstad"", ""away"": ""sarpsborg 08"", ""match"": ""Fredrikstad FK v Sarpsborg FK"", ""key"": ""ou1.5_over"", ""selection"": ""Over 1.5 goals"", ""prob"": 0.80251, ""fair_odds"": 1.2461, ""odds"": null, ""hit_rate"": 0.82496, ""hit_rate_n"": 21458}, {""date"": ""2026-09-13"", ""competition"": ""FL1"", ""competition_name"": ""Ligue 1"", ""home"": ""lille"", ""away"": ""troyes"", ""match"": ""Lille v Troyes"", ""key"": ""ou1.5_over"", ""selection"": ""Over 1.5 goals"", ""prob"": 0.80226, ""fair_odds"": 1.24648, ""odds"": null, ""hit_rate"": 0.82496, ""hit_rate_n"": 21458}, {""date"": ""2026-09-12"", ""competition"": ""AUT-BUNDESLI"", ""competition_name"": ""Bundesliga (Austria)"", ""home"": ""wolfsberger"", ""away"": ""rapid"", ""match"": ""Wolfsberger AC v Rapid Wien"", ""key"": ""ou4.5_under"", ""selection"": ""Under 4.5 goals"", ""prob"": 0.80201, ""fair_odds"": 1.24686, ""odds"": null, ""hit_rate"": 0.82496, ""hit_rate_n"": 21458}]",5.00000,0.00000,,won,,2026-09-16T09:07:11
2026-09-12,2026-09-12T09:14:23,6,3.00000,1.20094,0.32908,3.03879,,0.83026,2026-09-12,2026-09-13,"[{""date"": ""2026-09-13"", ""competition"": ""BJL"", ""competition_name"": ""Pro League"", ""home"": ""waregem"", ""away"": ""charleroi"", ""match"": ""SV Zulte-Waregem v Charleroi"", ""key"": ""ou4.5_under"", ""selection"": ""Under 4.5 goals"", ""prob"": 0.83178, ""fair_odds"": 1.20224, ""odds"": null, ""hit_rate"": 0.82496, ""hit_rate_n"": 21458}, {""date"": ""2026-09-13"", ""competition"": ""USA-MLS"", ""competition_name"": ""MLS"", ""home"": ""los angeles galaxy"", ""away"": ""seattle sounders"", ""match"": ""LA Galaxy v Seattle Sounders FC"", ""key"": ""ou1.5_over"", ""selection"": ""Over 1.5 goals"", ""prob"": 0.83141, ""fair_odds"": 1.20278, ""odds"": null, ""hit_rate"": 0.82496, ""hit_rate_n"": 21458}, {""date"": ""2026-09-12"", ""competition"": ""JPN-J1LEAGUE"", ""competition_name"": ""J1 League"", ""home"": ""v varen nagasaki"", ""away"": ""nagoya grampus"", ""match"": ""V-Varen Nagasaki v Nagoya Grampus"", ""key"": ""ou4.5_under"", ""selection"": ""Under 4.5 goals"", ""prob"": 0.83141, ""fair_odds"": 1.20278, ""odds"": null, ""hit_rate"": 0.82496, ""hit_rate_n"": 21458}, {""date"": ""2026-09-12"", ""competition"": ""BL1"", ""competition_name"": ""Bundesliga (Germany)"", ""home"": ""fc koln"", ""away"": ""werder bremen"", ""match"": ""1. FC K\u00f6ln v Werder Bremen"", ""key"": ""ou1.5_over"", ""selection"": ""Over 1.5 goals"", ""prob"": 0.83029, ""fair_odds"": 1.2044, ""odds"": null, ""hit_rate"": 0.82496, ""hit_rate_n"": 21458}, {""date"": ""2026-09-12"", ""competition"": ""EL1"", ""competition_name"": ""League One"", ""home"": ""milton keynes dons"", ""away"": ""peterborough"", ""match"": ""Milton Keynes Dons v Peterborough United"", ""key"": ""ou1.5_over"", ""selection"": ""Over 1.5 goals"", ""prob"": 0.83027, ""fair_odds"": 1.20442, ""odds"": null, ""hit_rate"": 0.82496, ""hit_rate_n"": 21458}, {""date"": ""2026-09-13"", ""competition"": ""NOR-ELITESER"", ""competition_name"": ""Eliteserien"", ""home"": ""start"", ""away"": ""brann"", ""match"": ""IK Start v SK Brann"", ""key"": ""ou1.5_over"", ""selection"": ""Over 1.5 goals"", ""prob"": 0.83026, ""fair_odds"": 1.20444, ""odds"": null, ""hit_rate"": 0.82496, ""hit_rate_n"": 21458}]",6.00000,0.00000,,won,,2026-09-16T09:07:11
2026-09-13,2026-09-13T09:33:00,2,3.00000,1.73205,0.33265,3.00612,,0.57647,2026-09-14,2026-09-15,"[{""date"": ""2026-09-14"", ""competition"": ""POL-EKSTRAKL"", ""competition_name"": ""Ekstraklasa"", ""home"": ""radomiak radom"", ""away"": ""piast gliwice"", ""match"": ""Radomiak Radom v Piast Gliwice"", ""key"": ""btts_yes"", ""selection"": ""Both teams to score"", ""prob"": 0.57647, ""fair_odds"": 1.73469, ""odds"": null, ""hit_rate"": 0.54671, ""hit_rate_n"": 45933}, {""date"": ""2026-09-15"", ""competition"": ""ARG-LIGAPROF"", ""competition_name"": ""Liga Profesional"", ""home"": ""instituto"", ""away"": ""estudiantes rio cuarto"", ""match"": ""Instituto de C\u00f3rdoba v Estudiantes de R\u00edo Cuarto"", ""key"": ""tt0.5_away_under"", ""selection"": ""Away team under 0.5 goals"", ""prob"": 0.57705, ""fair_odds"": 1.73295, ""odds"": null, ""hit_rate"": 0.54812, ""hit_rate_n"": 44600}]",0.00000,0.00000,,lost,,2026-09-16T09:07:11
2026-09-13,2026-09-13T09:33:00,3,3.00000,1.44225,0.33137,3.01774,,0.69153,2026-09-13,2026-09-13,"[{""date"": ""2026-09-13"", ""competition"": ""USA-MLS"", ""competition_name"": ""MLS"", ""home"": ""chicago fire"", ""away"": ""new england revolution"", ""match"": ""Chicago Fire v New England Revolution"", ""key"": ""hcp_away+1.5"", ""selection"": ""Away +1.5"", ""prob"": 0.6927, ""fair_odds"": 1.44363, ""odds"": null, ""hit_rate"": 0.65257, ""hit_rate_n"": 7541}, {""date"": ""2026-09-13"", ""competition"": ""SD"", ""competition_name"": ""Segunda Divisi\u00f3n"", ""home"": ""valladolid"", ""away"": ""oviedo"", ""match"": ""Real Valladolid CF v Oviedo"", ""key"": ""dc_1x"", ""selection"": ""Home or draw (1X)"", ""prob"": 0.69178, ""fair_odds"": 1.44555, ""odds"": null, ""hit_rate"": 0.65962, ""hit_rate_n"": 30040}, {""date"": ""2026-09-13"", ""competition"": ""DNK-SUPERLIG"", ""competition_name"": ""Superliga"", ""home"": ""nordsjaelland"", ""away"": ""aarhus"", ""match"": ""FC Nordsjaelland v AGF Aarhus"", ""key"": ""hcp_away+1.5"", ""selection"": ""Away +1.5"", ""prob"": 0.69153, ""fair_odds"": 1.44608, ""odds"": null, ""hit_rate"": 0.65257, ""hit_rate_n"": 7541}]",1.00000,0.00000,,lost,,2026-09-16T09:07:11
2026-09-13,2026-09-13T09:33:00,4,3.00000,1.31607,0.33209,3.01124,,0.75898,2026-09-13,2026-09-14,"[{""date"": ""2026-09-13"", ""competition"": ""PPL"", ""competition_name"": ""Primeira Liga"", ""home"": ""benfica"", ""away"": ""gil vicente"", ""match"": ""Benfica v Gil Vicente"", ""key"": ""corners11.5_under"", ""selection"": ""Under 11.5 corners"", ""prob"": 0.75956, ""fair_odds"": 1.31655, ""odds"": null, ""hit_rate"": 0.77432, ""hit_rate_n"": 18048}, {""date"": ""2026-09-14"", ""competition"": ""TSL"", ""competition_name"": ""S\u00fcper Lig"", ""home"": ""gaziantep"", ""away"": ""fenerbahce"", ""match"": ""Gazi\u015fehir Gaziantep v Fenerbahce"", ""key"": ""corners7.5_over"", ""selection"": ""Over 7.5 corners"", ""prob"": 0.75898, ""fair_odds"": 1.31756, ""odds"": null, ""hit_rate"": 0.77432, ""hit_rate_n"": 18048}, {""date"": ""2026-09-14"", ""competition"": ""PPL"", ""competition_name"": ""Primeira Liga"", ""home"": ""rio ave"", ""away"": ""estrela"", ""match"": ""Rio Ave FC v CF Estrela"", ""key"": ""corners11.5_under"", ""selection"": ""Under 11.5 corners"", ""prob"": 0.75898, ""fair_odds"": 1.31756, ""odds"": null, ""hit_rate"": 0.77432, ""hit_rate_n"": 18048}, {""date"": ""2026-09-13"", ""competition"": ""BJL"", ""competition_name"": ""Pro League"", ""home"": ""raal la louviere"", ""away"": ""kortrijk"", ""match"": ""RAAL La Louvi\u00e8re v KV Kortrijk"", ""key"": ""corners7.5_over"", ""selection"": ""Over 7.5 corners"", ""prob"": 0.75898, ""fair_odds"": 1.31756, ""odds"": null, ""hit_rate"": 0.77432, ""hit_rate_n"": 18048}]",2.00000,0.00000,,lost,,2026-09-15T09:09:11
2026-09-13,2026-09-13T09:33:00,5,3.00000,1.24573,0.33123,3.01906,,0.80042,2026-09-13,2026-09-14,"[{""date"": ""2026-09-14"", ""competition"": ""SWE-ALLSVENS"", ""competition_name"": ""Allsvenskan"", ""home"": ""djurgarden"", ""away"": ""gais"", ""match"": ""Djurgardens IF v GAIS"", ""key"": ""ou4.5_under"", ""selection"": ""Under 4.5 goals"", ""prob"": 0.80252, ""fair_odds"": 1.24607, ""odds"": null, ""hit_rate"": 0.82496, ""hit_rate_n"": 21458}, {""date"": ""2026-09-13"", ""competition"": ""NOR-ELITESER"", ""competition_name"": ""Eliteserien"", ""home"": ""fredrikstad"", ""away"": ""sarpsborg 08"", ""match"": ""Fredrikstad FK v Sarpsborg FK"", ""key"": ""ou1.5_over"", ""selection"": ""Over 1.5 goals"", ""prob"": 0.80251, ""fair_odds"": 1.2461, ""odds"": null, ""hit_rate"": 0.82496, ""hit_rate_n"": 21458}, {""date"": ""2026-09-13"", ""competition"": ""FL1"", ""competition_name"": ""Ligue 1"", ""home"": ""lille"", ""away"": ""troyes"", ""match"": ""Lille v Troyes"", ""key"": ""ou1.5_over"", ""selection"": ""Over 1.5 goals"", ""prob"": 0.80226, ""fair_odds"": 1.24648, ""odds"": null, ""hit_rate"": 0.82496, ""hit_rate_n"": 21458}, {""date"": ""2026-09-13"", ""competition"": ""PD"", ""competition_name"": ""La Liga"", ""home"": ""real madrid"", ""away"": ""vallecano"", ""match"": ""Real Madrid v Rayo Vallecano"", ""key"": ""corners7.5_over"", ""selection"": ""Over 7.5 corners"", ""prob"": 0.80093, ""fair_odds"": 1.24856, ""odds"": null, ""hit_rate"": 0.82076, ""hit_rate_n"": 2466}, {""date"": ""2026-09-13"", ""competition"": ""FL1"", ""competition_name"": ""Ligue 1"", ""home"": ""le mans"", ""away"": ""lens"", ""match"": ""Le Mans FC v RC Lens"", ""key"": ""ou1.5_over"", ""selection"": ""Over 1.5 goals"", ""prob"": 0.80042, ""fair_odds"": 1.24935, ""odds"": null, ""hit_rate"": 0.82496, ""hit_rate_n"": 21458}]",5.00000,0.00000,,won,,2026-09-16T09:07:11
2026-09-13,2026-09-13T09:33:00,6,3.00000,1.20094,0.32636,3.06412,,0.82705,2026-09-13,2026-09-15,"[{""date"": ""2026-09-15"", ""competition"": ""SPL"", ""competition_name"": ""Premiership"", ""home"": ""falkirk"", ""away"": ""hearts"", ""match"": ""Falkirk F.C. v Hearts"", ""key"": ""ou4.5_under"", ""selection"": ""Under 4.5 goals"", ""prob"": 0.8318, ""fair_odds"": 1.20222, ""odds"": null, ""hit_rate"": 0.82496, ""hit_rate_n"": 21458}, {""date"": ""2026-09-13"", ""competition"": ""BJL"", ""competition_name"": ""Pro League"", ""home"": ""waregem"", ""away"": ""charleroi"", ""match"": ""SV Zulte-Waregem v Charleroi"", ""key"": ""ou4.5_under"", ""selection"": ""Under 4.5 goals"", ""prob"": 0.83178, ""fair_odds"": 1.20224, ""odds"": null, ""hit_rate"": 0.82496, ""hit_rate_n"": 21458}, {""date"": ""2026-09-13"", ""competition"": ""NOR-ELITESER"", ""competition_name"": ""Eliteserien"", ""home"": ""start"", ""away"": ""brann"", ""match"": ""IK Start v SK Brann"", ""key"": ""ou1.5_over"", ""selection"": ""Over 1.5 goals"", ""prob"": 0.83026, ""fair_odds"": 1.20444, ""odds"": null, ""hit_rate"": 0.82496, ""hit_rate_n"": 21458}, {""date"": ""2026-09-14"", ""competition"": ""SWE-ALLSVENS"", ""competition_name"": ""Allsvenskan"", ""home"": ""sirius"", ""away"": ""degerfors"", ""match"": ""IK Sirius v Degerfors IF"", ""key"": ""ou1.5_over"", ""selection"": ""Over 1.5 goals"", ""prob"": 0.82902, ""fair_odds"": 1.20625, ""odds"": null, ""hit_rate"": 0.82496, ""hit_rate_n"": 21458}, {""date"": ""2026-09-13"", ""competition"": ""GSL"", ""competition_name"": ""Super League"", ""home"": ""panathinaikos"", ""away"": ""panetolikos"", ""match"": ""Panathinaikos v Panetolikos Agrinio"", ""key"": ""corners11.5_under"", ""selection"": ""Under 11.5 corners"", ""prob"": 0.82863, ""fair_odds"": 1.20681, ""odds"": null, ""hit_rate"": 0.82076, ""hit_rate_n"": 2466}, {""date"": ""2026-09-13"", ""competition"": ""SWE-ALLSVENS"", ""competition_name"": ""Allsvenskan"", ""home"": ""hammarby"", ""away"": ""brommapojkarna"", ""match"": ""Hammarby IF v IF Brommapojkarna"", ""key"": ""1x2_home"", ""selection"": ""Home win"", ""prob"": 0.82705, ""fair_odds"": 1.20912, ""odds"": 1.25, ""hit_rate"": 0.82401, ""hit_rate_n"": 733}]",6.00000,0.00000,,won,,2026-09-18T09:06:35
2026-09-14,2026-09-14T09:16:11,2,3.00000,1.73205,0.33265,3.00612,,0.57647,2026-09-14,2026-09-15,"[{""date"": ""2026-09-14"", ""competition"": ""POL-EKSTRAKL"", ""competition_name"": ""Ekstraklasa"", ""home"": ""radomiak radom"", ""away"": ""piast gliwice"", ""match"": ""Radomiak Radom v Piast Gliwice"", ""key"": ""btts_yes"", ""selection"": ""Both teams to score"", ""prob"": 0.57647, ""fair_odds"": 1.73469, ""odds"": null, ""hit_rate"": 0.54671, ""hit_rate_n"": 45933}, {""date"": ""2026-09-15"", ""competition"": ""ARG-LIGAPROF"", ""competition_name"": ""Liga Profesional"", ""home"": ""instituto"", ""away"": ""estudiantes rio cuarto"", ""match"": ""Instituto de C\u00f3rdoba v Estudiantes de R\u00edo Cuarto"", ""key"": ""tt0.5_away_under"", ""selection"": ""Away team under 0.5 goals"", ""prob"": 0.57705, ""fair_odds"": 1.73295, ""odds"": null, ""hit_rate"": 0.54812, ""hit_rate_n"": 44600}]",0.00000,0.00000,,lost,,2026-09-16T09:07:11
2026-09-14,2026-09-14T09:16:11,3,3.00000,1.44225,0.32486,3.07823,,0.68550,2026-09-14,2026-09-15,"[{""date"": ""2026-09-15"", ""competition"": ""ELC"", ""competition_name"": ""Championship"", ""home"": ""bristol city"", ""away"": ""lincoln"", ""match"": ""Bristol City v Lincoln City"", ""key"": ""ou3.5_under"", ""selection"": ""Under 3.5 goals"", ""prob"": 0.69133, ""fair_odds"": 1.44648, ""odds"": null, ""hit_rate"": 0.65685, ""hit_rate_n"": 37488}, {""date"": ""2026-09-14"", ""competition"": ""PD"", ""competition_name"": ""La Liga"", ""home"": ""villarreal"", ""away"": ""betis"", ""match"": ""Villarreal v Real Betis"", ""key"": ""dnb_home"", ""selection"": ""Home draw-no-bet"", ""prob"": 0.6855, ""fair_odds"": 1.45879, ""odds"": null, ""hit_rate"": 0.65409, ""hit_rate_n"": 8985}, {""date"": ""2026-09-15"", ""competition"": ""ELC"", ""competition_name"": ""Championship"", ""home"": ""middlesbrough"", ""away"": ""millwall"", ""match"": ""Middlesbrough v Millwall"", ""key"": ""dnb_home"", ""selection"": ""Home draw-no-bet"", ""prob"": 0.6855, ""fair_odds"": 1.45879, ""odds"": null, ""hit_rate"": 0.65409, ""hit_rate_n"": 8985}]",1.00000,1.00000,0.47391,lost,,2026-09-18T09:06:35
2026-09-14,2026-09-14T09:16:11,4,3.00000,1.31607,0.33184,3.01354,,0.75898,2026-09-14,2026-09-16,"[{""date"": ""2026-09-16"", ""competition"": ""PD"", ""competition_name"": ""La Liga"", ""home"": ""levante"", ""away"": ""athletic bilbao"", ""match"": ""Levante v Athletic Bilbao"", ""key"": ""corners7.5_over"", ""selection"": ""Over 7.5 corners"", ""prob"": 0.75898, ""fair_odds"": 1.31756, ""odds"": null, ""hit_rate"": 0.77432, ""hit_rate_n"": 18048}, {""date"": ""2026-09-15"", ""competition"": ""DED"", ""competition_name"": ""Eredivisie"", ""home"": ""ajax"", ""away"": ""willem ii"", ""match"": ""Ajax v Willem II"", ""key"": ""corners7.5_over"", ""selection"": ""Over 7.5 corners"", ""prob"": 0.75898, ""fair_odds"": 1.31756, ""odds"": null, ""hit_rate"": 0.77432, ""hit_rate_n"": 18048}, {""date"": ""2026-09-14"", ""competition"": ""PPL"", ""competition_name"": ""Primeira Liga"", ""home"": ""rio ave"", ""away"": ""estrela"", ""match"": ""Rio Ave FC v CF Estrela"", ""key"": ""corners11.5_under"", ""selection"": ""Under 11.5 corners"", ""prob"": 0.75898, ""fair_odds"": 1.31756, ""odds"": null, ""hit_rate"": 0.77432, ""hit_rate_n"": 18048}, {""date"": ""2026-09-14"", ""competition"": ""TSL"", ""competition_name"": ""S\u00fcper Lig"", ""home"": ""gaziantep"", ""away"": ""fenerbahce"", ""match"": ""Gazi\u015fehir Gaziantep v Fenerbahce"", ""key"": ""corners7.5_over"", ""selection"": ""Over 7.5 corners"", ""prob"": 0.75898, ""fair_odds"": 1.31756, ""odds"": null, ""hit_rate"": 0.77432, ""hit_rate_n"": 18048}]",,,,pending,,
2026-09-14,2026-09-14T09:16:11,5,3.00000,1.24573,0.32344,3.09177,,0.79583,2026-09-14,2026-09-15,"[{""date"": ""2026-09-14"", ""competition"": ""SWE-ALLSVENS"", ""competition_name"": ""Allsvenskan"", ""home"": ""djurgarden"", ""away"": ""gais"", ""match"": ""Djurgardens IF v GAIS"", ""key"": ""ou4.5_under"", ""selection"": ""Under 4.5 goals"", ""prob"": 0.80252, ""fair_odds"": 1.24607, ""odds"": null, ""hit_rate"": 0.82496, ""hit_rate_n"": 21458}, {""date"": ""2026-09-14"", ""competition"": ""POL-EKSTRAKL"", ""competition_name"": ""Ekstraklasa"", ""home"": ""radomiak radom"", ""away"": ""piast gliwice"", ""match"": ""Radomiak Radom v Piast Gliwice"", ""key"": ""ou1.5_over"", ""selection"": ""Over 1.5 goals"", ""prob"": 0.79843, ""fair_odds"": 1.25245, ""odds"": null, ""hit_rate"": 0.77767, ""hit_rate_n"": 27851}, {""date"": ""2026-09-14"", ""competition"": ""TSL"", ""competition_name"": ""S\u00fcper Lig"", ""home"": ""gaziantep"", ""away"": ""fenerbahce"", ""match"": ""Gazi\u015fehir Gaziantep v Fenerbahce"", ""key"": ""ou1.5_over"", ""selection"": ""Over 1.5 goals"", ""prob"": 0.79658, ""fair_odds"": 1.25537, ""odds"": null, ""hit_rate"": 0.77767, ""hit_rate_n"": 27851}, {""date"": ""2026-09-15"", ""competition"": ""MEX-LIGAMX"", ""competition_name"": ""Liga MX"", ""home"": ""leon"", ""away"": ""atletico san luis"", ""match"": ""Le\u00f3n v Atl\u00e9tico San Luis"", ""key"": ""tt2.5_home_under"", ""selection"": ""Home team under 2.5 goals"", ""prob"": 0.79625, ""fair_odds"": 1.25588, ""odds"": null, ""hit_rate"": 0.77325, ""hit_rate_n"": 34951}, {""date"": ""2026-09-15"", ""competition"": ""PD"", ""competition_name"": ""La Liga"", ""home"": ""alaves"", ""away"": ""valencia"", ""match"": ""Alav\u00e9s v Valencia"", ""key"": ""hcp_away+1.5"", ""selection"": ""Away +1.5"", ""prob"": 0.79583, ""fair_odds"": 1.25655, ""odds"": null, ""hit_rate"": 0.77341, ""hit_rate_n"": 9581}]",4.00000,0.00000,,lost,,2026-09-18T09:06:35
2026-09-14,2026-09-14T09:16:11,6,3.00000,1.20094,0.32302,3.09580,,0.82590,2026-09-14,2026-09-16,"[{""date"": ""2026-09-15"", ""competition"": ""SPL"", ""competition_name"": ""Premiership"", ""home"": ""falkirk"", ""away"": ""hearts"", ""match"": ""Falkirk F.C. v Hearts"", ""key"": ""ou4.5_under"", ""selection"": ""Under 4.5 goals"", ""prob"": 0.8318, ""fair_odds"": 1.20222, ""odds"": null, ""hit_rate"": 0.82496, ""hit_rate_n"": 21458}, {""date"": ""2026-09-16"", ""competition"": ""MEX-LIGAMX"", ""competition_name"": ""Liga MX"", ""home"": ""puebla"", ""away"": ""toluca"", ""match"": ""Puebla v Toluca"", ""key"": ""ou1.5_over"", ""selection"": ""Over 1.5 goals"", ""prob"": 0.83078, ""fair_odds"": 1.20369, ""odds"": null, ""hit_rate"": 0.82496, ""hit_rate_n"": 21458}, {""date"": ""2026-09-14"", ""competition"": ""SWE-ALLSVENS"", ""competition_name"": ""Allsvenskan"", ""home"": ""sirius"", ""away"": ""degerfors"", ""match"": ""IK Sirius v Degerfors IF"", ""key"": ""ou1.5_over"", ""selection"": ""Over 1.5 goals"", ""prob"": 0.82902, ""fair_odds"": 1.20625, ""odds"": null, ""hit_rate"": 0.82496, ""hit_rate_n"": 21458}, {""date"": ""2026-09-14"", ""competition"": ""ARG-LIGAPROF"", ""competition_name"": ""Liga Profesional"", ""home"": ""deportivo riestra"", ""away"": ""lanus"", ""match"": ""Deportivo Riestra v Lanus"", ""key"": ""ou0.5_over"", ""selection"": ""Over 0.5 goals"", ""prob"": 0.82627, ""fair_odds"": 1.21025, ""odds"": null, ""hit_rate"": 0.82496, ""hit_rate_n"": 21458}, {""date"": ""2026-09-14"", ""competition"": ""SA"", ""competition_name"": ""Serie A"", ""home"": ""inter milan"", ""away"": ""udinese"", ""match"": ""Inter Milan v Udinese"", ""key"": ""ou1.5_over"", ""selection"": ""Over 1.5 goals"", ""prob"": 0.82625, ""fair_odds"": 1.21029, ""odds"": null, ""hit_rate"": 0.82496, ""hit_rate_n"": 21458}, {""date"": ""2026-09-14"", ""competition"": ""BRA-SERIEA"", ""competition_name"": ""S\u00e9rie A"", ""home"": ""bahia"", ""away"": ""remo"", ""match"": ""Bahia v Remo"", ""key"": ""ou4.5_under"", ""selection"": ""Under 4.5 goals"", ""prob"": 0.8259, ""fair_odds"": 1.2108, ""odds"": null, ""hit_rate"": 0.82496, ""hit_rate_n"": 21458}]",5.00000,0.00000,,lost,,2026-09-18T09:06:35
2026-09-15,2026-09-15T09:13:33,2,3.00000,1.73205,0.32985,3.03164,,0.57314,2026-09-15,2026-09-17,"[{""date"": ""2026-09-15"", ""competition"": ""DED"", ""competition_name"": ""Eredivisie"", ""home"": ""ajax"", ""away"": ""willem ii"", ""match"": ""Ajax v Willem II"", ""key"": ""tt0.5_away_over"", ""selection"": ""Away team over 0.5 goals"", ""prob"": 0.57552, ""fair_odds"": 1.73755, ""odds"": null, ""hit_rate"": 0.54758, ""hit_rate_n"": 44468}, {""date"": ""2026-09-17"", ""competition"": ""PD"", ""competition_name"": ""La Liga"", ""home"": ""malaga"", ""away"": ""villarreal"", ""match"": ""M\u00e1laga v Villarreal"", ""key"": ""btts_yes"", ""selection"": ""Both teams to score"", ""prob"": 0.57314, ""fair_odds"": 1.74478, ""odds"": null, ""hit_rate"": 0.54664, ""hit_rate_n"": 46206}]",2.00000,0.00000,,won,,2026-09-18T09:06:35
2026-09-15,2026-09-15T09:13:33,3,3.00000,1.44225,0.32421,3.08444,,0.68322,2026-09-15,2026-09-17,"[{""date"": ""2026-09-17"", ""competition"": ""PD"", ""competition_name"": ""La Liga"", ""home"": ""betis"", ""away"": ""getafe"", ""match"": ""Real Betis v Getafe"", ""key"": ""corners7.5_over"", ""selection"": ""Over 7.5 corners"", ""prob"": 0.69132, ""fair_odds"": 1.44651, ""odds"": null, ""hit_rate"": 0.64732, ""hit_rate_n"": 50153}, {""date"": ""2026-09-15"", ""competition"": ""ELC"", ""competition_name"": ""Championship"", ""home"": ""middlesbrough"", ""away"": ""millwall"", ""match"": ""Middlesbrough v Millwall"", ""key"": ""dnb_home"", ""selection"": ""Home draw-no-bet"", ""prob"": 0.68641, ""fair_odds"": 1.45685, ""odds"": null, ""hit_rate"": 0.65581, ""hit_rate_n"": 9393}, {""date"": ""2026-09-16"", ""competition"": ""PD"", ""competition_name"": ""La Liga"", ""home"": ""la coruna"", ""away"": ""sevilla"", ""match"": ""Deportivo La Coru\u00f1a v Sevilla"", ""key"": ""ou1.5_over"", ""selection"": ""Over 1.5 goals"", ""prob"": 0.68322, ""fair_odds"": 1.46366, ""odds"": null, ""hit_rate"": 0.656, ""hit_rate_n"": 37747}]",0.00000,1.00000,0.47232,lost,,2026-09-18T09:06:35
2026-09-15,2026-09-15T09:13:33,4,3.00000,1.31607,0.32902,3.03933,,0.75524,2026-09-15,2026-09-17,"[{""date"": ""2026-09-17"", ""competition"": ""PD"", ""competition_name"": ""La Liga"", ""home"": ""betis"", ""away"": ""getafe"", ""match"": ""Real Betis v Getafe"", ""key"": ""corners11.5_under"", ""selection"": ""Under 11.5 corners"", ""prob"": 0.75917, ""fair_odds"": 1.31723, ""odds"": null, ""hit_rate"": 0.77445, ""hit_rate_n"": 18222}, {""date"": ""2026-09-16"", ""competition"": ""PD"", ""competition_name"": ""La Liga"", ""home"": ""levante"", ""away"": ""athletic bilbao"", ""match"": ""Levante v Athletic Bilbao"", ""key"": ""ou1.5_over"", ""selection"": ""Over 1.5 goals"", ""prob"": 0.75759, ""fair_odds"": 1.31997, ""odds"": null, ""hit_rate"": 0.77723, ""hit_rate_n"": 27948}, {""date"": ""2026-09-15"", ""competition"": ""PD"", ""competition_name"": ""La Liga"", ""home"": ""vallecano"", ""away"": ""espanyol"", ""match"": ""Rayo Vallecano v Espanyol"", ""key"": ""ou1.5_over"", ""selection"": ""Over 1.5 goals"", ""prob"": 0.75746, ""fair_odds"": 1.3202, ""odds"": null, ""hit_rate"": 0.77723, ""hit_rate_n"": 27948}, {""date"": ""2026-09-15"", ""competition"": ""ELC"", ""competition_name"": ""Championship"", ""home"": ""middlesbrough"", ""away"": ""millwall"", ""match"": ""Middlesbrough v Millwall"", ""key"": ""dc_1x"", ""selection"": ""Home or draw (1X)"", ""prob"": 0.75524, ""fair_odds"": 1.32408, ""odds"": null, ""hit_rate"": 0.76052, ""hit_rate_n"": 17676}]",,,,pending,,
2026-09-15,2026-09-15T09:13:33,5,3.00000,1.24573,0.31611,3.16344,,0.78879,2026-09-15,2026-09-17,"[{""date"": ""2026-09-17"", ""competition"": ""PD"", ""competition_name"": ""La Liga"", ""home"": ""malaga"", ""away"": ""villarreal"", ""match"": ""M\u00e1laga v Villarreal"", ""key"": ""ou1.5_over"", ""selection"": ""Over 1.5 goals"", ""prob"": 0.79964, ""fair_odds"": 1.25057, ""odds"": null, ""hit_rate"": 0.77723, ""hit_rate_n"": 27948}, {""date"": ""2026-09-15"", ""competition"": ""PD"", ""competition_name"": ""La Liga"", ""home"": ""alaves"", ""away"": ""valencia"", ""match"": ""Alav\u00e9s v Valencia"", ""key"": ""hcp_away+1.5"", ""selection"": ""Away +1.5"", ""prob"": 0.79708, ""fair_odds"": 1.25459, ""odds"": null, ""hit_rate"": 0.77404, ""hit_rate_n"": 9692}, {""date"": ""2026-09-16"", ""competition"": ""PD"", ""competition_name"": ""La Liga"", ""home"": ""barcelona"", ""away"": ""santander"", ""match"": ""Barcelona v Real Racing Club de Santander"", ""key"": ""hcp_home-1.5"", ""selection"": ""Home -1.5"", ""prob"": 0.79294, ""fair_odds"": 1.26112, ""odds"": null, ""hit_rate"": 0.77404, ""hit_rate_n"": 9692}, {""date"": ""2026-09-16"", ""competition"": ""SWE-ALLSVENS"", ""competition_name"": ""Allsvenskan"", ""home"": ""aik"", ""away"": ""mjallby"", ""match"": ""AIK v Mj\u00e4llby AIF"", ""key"": ""hcp_away+1.5"", ""selection"": ""Away +1.5"", ""prob"": 0.79294, ""fair_odds"": 1.26112, ""odds"": null, ""hit_rate"": 0.77404, ""hit_rate_n"": 9692}, {""date"": ""2026-09-15"", ""competition"": ""ELC"", ""competition_name"": ""Championship"", ""home"": ""bristol city"", ""away"": ""lincoln"", ""match"": ""Bristol City v Lincoln City"", ""key"": ""tt2.5_home_under"", ""selection"": ""Home team under 2.5 goals"", ""prob"": 0.78879, ""fair_odds"": 1.26776, ""odds"": null, ""hit_rate"": 0.77326, ""hit_rate_n"": 34974}]",5.00000,0.00000,,won,,2026-09-18T09:06:35
2026-09-15,2026-09-15T09:13:33,6,3.00000,1.20094,0.30755,3.25147,,0.80673,2026-09-15,2026-09-17,"[{""date"": ""2026-09-15"", ""competition"": ""SPL"", ""competition_name"": ""Premiership"", ""home"": ""falkirk"", ""away"": ""hearts"", ""match"": ""Falkirk F.C. v Hearts"", ""key"": ""ou4.5_under"", ""selection"": ""Under 4.5 goals"", ""prob"": 0.83233, ""fair_odds"": 1.20145, ""odds"": null, ""hit_rate"": 0.82447, ""hit_rate_n"": 21518}, {""date"": ""2026-09-16"", ""competition"": ""MEX-LIGAMX"", ""competition_name"": ""Liga MX"", ""home"": ""puebla"", ""away"": ""toluca"", ""match"": ""Puebla v Toluca"", ""key"": ""ou1.5_over"", ""selection"": ""Over 1.5 goals"", ""prob"": 0.83122, ""fair_odds"": 1.20305, ""odds"": null, ""hit_rate"": 0.82447, ""hit_rate_n"": 21518}, {""date"": ""2026-09-17"", ""competition"": ""PD"", ""competition_name"": ""La Liga"", ""home"": ""malaga"", ""away"": ""villarreal"", ""match"": ""M\u00e1laga v Villarreal"", ""key"": ""ou4.5_under"", ""selection"": ""Under 4.5 goals"", ""prob"": 0.82394, ""fair_odds"": 1.21368, ""odds"": null, ""hit_rate"": 0.82447, ""hit_rate_n"": 21518}, {""date"": ""2026-09-17"", ""competition"": ""PD"", ""competition_name"": ""La Liga"", ""home"": ""betis"", ""away"": ""getafe"", ""match"": ""Real Betis v Getafe"", ""key"": ""tt2.5_home_under"", ""selection"": ""Home team under 2.5 goals"", ""prob"": 0.8213, ""fair_odds"": 1.21759, ""odds"": null, ""hit_rate"": 0.82346, ""hit_rate_n"": 33635}, {""date"": ""2026-09-15"", ""competition"": ""ELC"", ""competition_name"": ""Championship"", ""home"": ""bristol city"", ""away"": ""lincoln"", ""match"": ""Bristol City v Lincoln City"", ""key"": ""corners7.5_over"", ""selection"": ""Over 7.5 corners"", ""prob"": 0.81431, ""fair_odds"": 1.22804, ""odds"": null, ""hit_rate"": 0.8217, ""hit_rate_n"": 2479}, {""date"": ""2026-09-16"", ""competition"": ""PD"", ""competition_name"": ""La Liga"", ""home"": ""barcelona"", ""away"": ""santander"", ""match"": ""Barcelona v Real Racing Club de Santander"", ""key"": ""ou2.5_over"", ""selection"": ""Over 2.5 goals"", ""prob"": 0.80673, ""fair_odds"": 1.23958, ""odds"": 1.19, ""hit_rate"": 0.82447, ""hit_rate_n"": 21518}]",5.00000,0.00000,,lost,,2026-09-18T09:06:35
2026-09-16,2026-09-16T09:12:54,2,3.00000,1.73205,0.32745,3.05386,,0.57224,2026-09-16,2026-09-17,"[{""date"": ""2026-09-16"", ""competition"": ""SWE-ALLSVENS"", ""competition_name"": ""Allsvenskan"", ""home"": ""aik"", ""away"": ""mjallby"", ""match"": ""AIK v Mj\u00e4llby AIF"", ""key"": ""btts_yes"", ""selection"": ""Both teams to score"", ""prob"": 0.57224, ""fair_odds"": 1.74753, ""odds"": null, ""hit_rate"": 0.54728, ""hit_rate_n"": 45419}, {""date"": ""2026-09-17"", ""competition"": ""PD"", ""competition_name"": ""La Liga"", ""home"": ""malaga"", ""away"": ""villarreal"", ""match"": ""M\u00e1laga v Villarreal"", ""key"": ""btts_yes"", ""selection"": ""Both teams to score"", ""prob"": 0.57224, ""fair_odds"": 1.74753, ""odds"": null, ""hit_rate"": 0.54728, ""hit_rate_n"": 45419}]",2.00000,0.00000,,won,,2026-09-18T09:06:35
2026-09-16,2026-09-16T09:12:54,3,3.00000,1.44225,0.32291,3.09681,,0.68297,2026-09-16,2026-09-18,"[{""date"": ""2026-09-17"", ""competition"": ""PD"", ""competition_name"": ""La Liga"", ""home"": ""betis"", ""away"": ""getafe"", ""match"": ""Real Betis v Getafe"", ""key"": ""corners7.5_over"", ""selection"": ""Over 7.5 corners"", ""prob"": 0.69132, ""fair_odds"": 1.44651, ""odds"": null, ""hit_rate"": 0.64706, ""hit_rate_n"": 50080}, {""date"": ""2026-09-18"", ""competition"": ""PD"", ""competition_name"": ""La Liga"", ""home"": ""espanyol"", ""away"": ""elche"", ""match"": ""Espanyol v Elche CF"", ""key"": ""dnb_home"", ""selection"": ""Home draw-no-bet"", ""prob"": 0.68392, ""fair_odds"": 1.46216, ""odds"": null, ""hit_rate"": 0.65538, ""hit_rate_n"": 9329}, {""date"": ""2026-09-16"", ""competition"": ""PD"", ""competition_name"": ""La Liga"", ""home"": ""la coruna"", ""away"": ""sevilla"", ""match"": ""Deportivo La Coru\u00f1a v Sevilla"", ""key"": ""ou1.5_over"", ""selection"": ""Over 1.5 goals"", ""prob"": 0.68297, ""fair_odds"": 1.46419, ""odds"": null, ""hit_rate"": 0.65623, ""hit_rate_n"": 37749}]",0.00000,0.00000,,lost,,2026-09-22T13:50:10
2026-09-16,2026-09-16T09:12:54,4,3.00000,1.31607,0.32698,3.05834,,0.74917,2026-09-16,2026-09-18,"[{""date"": ""2026-09-17"", ""competition"": ""PD"", ""competition_name"": ""La Liga"", ""home"": ""betis"", ""away"": ""getafe"", ""match"": ""Real Betis v Getafe"", ""key"": ""corners11.5_under"", ""selection"": ""Under 11.5 corners"", ""prob"": 0.75917, ""fair_odds"": 1.31723, ""odds"": null, ""hit_rate"": 0.77462, ""hit_rate_n"": 18143}, {""date"": ""2026-09-18"", ""competition"": ""AUT-BUNDESLI"", ""competition_name"": ""Bundesliga (Austria)"", ""home"": ""rapid"", ""away"": ""tirol"", ""match"": ""Rapid Wien v WSG Tirol"", ""key"": ""ou4.5_under"", ""selection"": ""Under 4.5 goals"", ""prob"": 0.75887, ""fair_odds"": 1.31775, ""odds"": null, ""hit_rate"": 0.77737, ""hit_rate_n"": 28217}, {""date"": ""2026-09-16"", ""competition"": ""PD"", ""competition_name"": ""La Liga"", ""home"": ""levante"", ""away"": ""athletic bilbao"", ""match"": ""Levante v Athletic Bilbao"", ""key"": ""ou1.5_over"", ""selection"": ""Over 1.5 goals"", ""prob"": 0.75758, ""fair_odds"": 1.32, ""odds"": null, ""hit_rate"": 0.77737, ""hit_rate_n"": 28217}, {""date"": ""2026-09-18"", ""competition"": ""PD"", ""competition_name"": ""La Liga"", ""home"": ""espanyol"", ""away"": ""elche"", ""match"": ""Espanyol v Elche CF"", ""key"": ""dc_1x"", ""selection"": ""Home or draw (1X)"", ""prob"": 0.74917, ""fair_odds"": 1.33481, ""odds"": null, ""hit_rate"": 0.71972, ""hit_rate_n"": 29806}]",,,,pending,,
2026-09-16,2026-09-16T09:12:54,5,3.00000,1.24573,0.32284,3.09754,,0.79261,2026-09-16,2026-09-18,"[{""date"": ""2026-09-17"", ""competition"": ""PD"", ""competition_name"": ""La Liga"", ""home"": ""malaga"", ""away"": ""villarreal"", ""match"": ""M\u00e1laga v Villarreal"", ""key"": ""ou1.5_over"", ""selection"": ""Over 1.5 goals"", ""prob"": 0.79951, ""fair_odds"": 1.25077, ""odds"": null, ""hit_rate"": 0.77737, ""hit_rate_n"": 28217}, {""date"": ""2026-09-18"", ""competition"": ""FL1"", ""competition_name"": ""Ligue 1"", ""home"": ""monaco"", ""away"": ""lens"", ""match"": ""AS Monaco v RC Lens"", ""key"": ""hcp_away+1.5"", ""selection"": ""Away +1.5"", ""prob"": 0.80113, ""fair_odds"": 1.24823, ""odds"": null, ""hit_rate"": 0.82432, ""hit_rate_n"": 15733}, {""date"": ""2026-09-18"", ""competition"": ""PL"", ""competition_name"": ""Premier League"", ""home"": ""brentford"", ""away"": ""chelsea"", ""match"": ""Brentford v Chelsea"", ""key"": ""ou4.5_under"", ""selection"": ""Under 4.5 goals"", ""prob"": 0.7979, ""fair_odds"": 1.2533, ""odds"": null, ""hit_rate"": 0.77737, ""hit_rate_n"": 28217}, {""date"": ""2026-09-16"", ""competition"": ""SWE-ALLSVENS"", ""competition_name"": ""Allsvenskan"", ""home"": ""aik"", ""away"": ""mjallby"", ""match"": ""AIK v Mj\u00e4llby AIF"", ""key"": ""hcp_away+1.5"", ""selection"": ""Away +1.5"", ""prob"": 0.79698, ""fair_odds"": 1.25473, ""odds"": null, ""hit_rate"": 0.77402, ""hit_rate_n"": 9753}, {""date"": ""2026-09-16"", ""competition"": ""PD"", ""competition_name"": ""La Liga"", ""home"": ""barcelona"", ""away"": ""santander"", ""match"": ""Barcelona v Real Racing Club de Santander"", ""key"": ""hcp_home-1.5"", ""selection"": ""Home -1.5"", ""prob"": 0.79261, ""fair_odds"": 1.26166, ""odds"": null, ""hit_rate"": 0.77402, ""hit_rate_n"": 9753}]",5.00000,0.00000,,won,,2026-09-22T13:50:10
2026-09-16,2026-09-16T09:12:54,6,3.00000,1.20094,0.30840,3.24259,,0.80795,2026-09-17,2026-09-18,"[{""date"": ""2026-09-18"", ""competition"": ""FL1"", ""competition_name"": ""Ligue 1"", ""home"": ""monaco"", ""away"": ""lens"", ""match"": ""AS Monaco v RC Lens"", ""key"": ""ou1.5_over"", ""selection"": ""Over 1.5 goals"", ""prob"": 0.82786, ""fair_odds"": 1.20794, ""odds"": null, ""hit_rate"": 0.82503, ""hit_rate_n"": 21449}, {""date"": ""2026-09-17"", ""competition"": ""PD"", ""competition_name"": ""La Liga"", ""home"": ""malaga"", ""away"": ""villarreal"", ""match"": ""M\u00e1laga v Villarreal"", ""key"": ""ou4.5_under"", ""selection"": ""Under 4.5 goals"", ""prob"": 0.82383, ""fair_odds"": 1.21384, ""odds"": null, ""hit_rate"": 0.82503, ""hit_rate_n"": 21449}, {""date"": ""2026-09-18"", ""competition"": ""AUT-BUNDESLI"", ""competition_name"": ""Bundesliga (Austria)"", ""home"": ""rapid"", ""away"": ""tirol"", ""match"": ""Rapid Wien v WSG Tirol"", ""key"": ""dc_12"", ""selection"": ""Home or away (12)"", ""prob"": 0.82897, ""fair_odds"": 1.20632, ""odds"": null, ""hit_rate"": 0.81246, ""hit_rate_n"": 16247}, {""date"": ""2026-09-18"", ""competition"": ""PL"", ""competition_name"": ""Premier League"", ""home"": ""brentford"", ""away"": ""chelsea"", ""match"": ""Brentford v Chelsea"", ""key"": ""ou1.5_over"", ""selection"": ""Over 1.5 goals"", ""prob"": 0.82182, ""fair_odds"": 1.21681, ""odds"": null, ""hit_rate"": 0.82503, ""hit_rate_n"": 21449}, {""date"": ""2026-09-17"", ""competition"": ""PD"", ""competition_name"": ""La Liga"", ""home"": ""betis"", ""away"": ""getafe"", ""match"": ""Real Betis v Getafe"", ""key"": ""tt2.5_home_under"", ""selection"": ""Home team under 2.5 goals"", ""prob"": 0.82152, ""fair_odds"": 1.21726, ""odds"": null, ""hit_rate"": 0.82348, ""hit_rate_n"": 33542}, {""date"": ""2026-09-18"", ""competition"": ""BL1"", ""competition_name"": ""Bundesliga (Germany)"", ""home"": ""bayern munich"", ""away"": ""union berlin"", ""match"": ""Bayern Munich v Union Berlin"", ""key"": ""ou2.5_over"", ""selection"": ""Over 2.5 goals"", ""prob"": 0.80795, ""fair_odds"": 1.2377, ""odds"": 1.19, ""hit_rate"": 0.82503, ""hit_rate_n"": 21449}]",6.00000,0.00000,,won,,2026-09-22T13:50:11
2026-09-17,2026-09-17T09:13:55,2,3.00000,1.73205,0.32751,3.05331,,0.57224,2026-09-19,2026-09-19,"[{""date"": ""2026-09-19"", ""competition"": ""DED"", ""competition_name"": ""Eredivisie"", ""home"": ""sparta rotterdam"", ""away"": ""heerenveen"", ""match"": ""Sparta Rotterdam v Heerenveen"", ""key"": ""ou3.5_under"", ""selection"": ""Under 3.5 goals"", ""prob"": 0.57234, ""fair_odds"": 1.74721, ""odds"": 1.68, ""hit_rate"": 0.55097, ""hit_rate_n"": 42374}, {""date"": ""2026-09-19"", ""competition"": ""FL1"", ""competition_name"": ""Ligue 1"", ""home"": ""paris"", ""away"": ""strasbourg"", ""match"": ""Paris FC v Strasbourg"", ""key"": ""btts_yes"", ""selection"": ""Both teams to score"", ""prob"": 0.57224, ""fair_odds"": 1.74753, ""odds"": null, ""hit_rate"": 0.54728, ""hit_rate_n"": 45419}]",1.00000,0.00000,,lost,,2026-09-22T13:50:11
2026-09-17,2026-09-17T09:13:55,3,3.00000,1.44225,0.32686,3.05940,,0.68392,2026-09-17,2026-09-19,"[{""date"": ""2026-09-19"", ""competition"": ""FL1"", ""competition_name"": ""Ligue 1"", ""home"": ""le mans"", ""away"": ""lorient"", ""match"": ""Le Mans FC v Lorient"", ""key"": ""corners7.5_over"", ""selection"": ""Over 7.5 corners"", ""prob"": 0.69132, ""fair_odds"": 1.44651, ""odds"": null, ""hit_rate"": 0.64706, ""hit_rate_n"": 50080}, {""date"": ""2026-09-17"", ""competition"": ""PD"", ""competition_name"": ""La Liga"", ""home"": ""betis"", ""away"": ""getafe"", ""match"": ""Real Betis v Getafe"", ""key"": ""corners7.5_over"", ""selection"": ""Over 7.5 corners"", ""prob"": 0.69132, ""fair_odds"": 1.44651, ""odds"": null, ""hit_rate"": 0.64706, ""hit_rate_n"": 50080}, {""date"": ""2026-09-18"", ""competition"": ""PD"", ""competition_name"": ""La Liga"", ""home"": ""espanyol"", ""away"": ""elche"", ""match"": ""Espanyol v Elche CF"", ""key"": ""dnb_home"", ""selection"": ""Home draw-no-bet"", ""prob"": 0.68392, ""fair_odds"": 1.46216, ""odds"": null, ""hit_rate"": 0.65538, ""hit_rate_n"": 9329}]",0.00000,0.00000,,lost,,2026-09-22T13:50:11
2026-09-17,2026-09-17T09:13:55,4,3.00000,1.31607,0.33143,3.01724,,0.75832,2026-09-17,2026-09-19,"[{""date"": ""2026-09-17"", ""competition"": ""PD"", ""competition_name"": ""La Liga"", ""home"": ""betis"", ""away"": ""getafe"", ""match"": ""Real Betis v Getafe"", ""key"": ""corners11.5_under"", ""selection"": ""Under 11.5 corners"", ""prob"": 0.75917, ""fair_odds"": 1.31723, ""odds"": null, ""hit_rate"": 0.77462, ""hit_rate_n"": 18143}, {""date"": ""2026-09-18"", ""competition"": ""AUT-BUNDESLI"", ""competition_name"": ""Bundesliga (Austria)"", ""home"": ""rapid"", ""away"": ""tirol"", ""match"": ""Rapid Wien v WSG Tirol"", ""key"": ""ou4.5_under"", ""selection"": ""Under 4.5 goals"", ""prob"": 0.75887, ""fair_odds"": 1.31775, ""odds"": null, ""hit_rate"": 0.77737, ""hit_rate_n"": 28217}, {""date"": ""2026-09-19"", ""competition"": ""FL1"", ""competition_name"": ""Ligue 1"", ""home"": ""le mans"", ""away"": ""lorient"", ""match"": ""Le Mans FC v Lorient"", ""key"": ""corners11.5_under"", ""selection"": ""Under 11.5 corners"", ""prob"": 0.75863, ""fair_odds"": 1.31817, ""odds"": null, ""hit_rate"": 0.77462, ""hit_rate_n"": 18143}, {""date"": ""2026-09-19"", ""competition"": ""DED"", ""competition_name"": ""Eredivisie"", ""home"": ""den haag"", ""away"": ""cambuur"", ""match"": ""ADO Den Haag v SC Cambuur"", ""key"": ""corners7.5_over"", ""selection"": ""Over 7.5 corners"", ""prob"": 0.75832, ""fair_odds"": 1.3187, ""odds"": null, ""hit_rate"": 0.77462, ""hit_rate_n"": 18143}]",4.00000,0.00000,,won,,2026-09-22T13:50:11
2026-09-17,2026-09-17T09:13:55,5,3.00000,1.24573,0.32431,3.08343,,0.79508,2026-09-17,2026-09-19,"[{""date"": ""2026-09-17"", ""competition"": ""PD"", ""competition_name"": ""La Liga"", ""home"": ""malaga"", ""away"": ""villarreal"", ""match"": ""M\u00e1laga v Villarreal"", ""key"": ""ou1.5_over"", ""selection"": ""Over 1.5 goals"", ""prob"": 0.79951, ""fair_odds"": 1.25077, ""odds"": null, ""hit_rate"": 0.77737, ""hit_rate_n"": 28217}, {""date"": ""2026-09-18"", ""competition"": ""FL1"", ""competition_name"": ""Ligue 1"", ""home"": ""monaco"", ""away"": ""lens"", ""match"": ""AS Monaco v RC Lens"", ""key"": ""hcp_away+1.5"", ""selection"": ""Away +1.5"", ""prob"": 0.80113, ""fair_odds"": 1.24823, ""odds"": null, ""hit_rate"": 0.82432, ""hit_rate_n"": 15733}, {""date"": ""2026-09-18"", ""competition"": ""PL"", ""competition_name"": ""Premier League"", ""home"": ""brentford"", ""away"": ""chelsea"", ""match"": ""Brentford v Chelsea"", ""key"": ""ou4.5_under"", ""selection"": ""Under 4.5 goals"", ""prob"": 0.7979, ""fair_odds"": 1.2533, ""odds"": null, ""hit_rate"": 0.77737, ""hit_rate_n"": 28217}, {""date"": ""2026-09-19"", ""competition"": ""SA"", ""competition_name"": ""Serie A"", ""home"": ""bologna"", ""away"": ""torino"", ""match"": ""Bologna v Torino"", ""key"": ""tt2.5_home_under"", ""selection"": ""Home team under 2.5 goals"", ""prob"": 0.79814, ""fair_odds"": 1.25291, ""odds"": null, ""hit_rate"": 0.7736, ""hit_rate_n"": 35238}, {""date"": ""2026-09-19"", ""competition"": ""FL1"", ""competition_name"": ""Ligue 1"", ""home"": ""lyon"", ""away"": ""rennes"", ""match"": ""Lyon v Rennes"", ""key"": ""corners7.5_over"", ""selection"": ""Over 7.5 corners"", ""prob"": 0.79508, ""fair_odds"": 1.25773, ""odds"": null, ""hit_rate"": 0.77462, ""hit_rate_n"": 18143}]",5.00000,0.00000,,won,,2026-09-22T13:50:11
2026-09-17,2026-09-17T09:13:56,6,3.00000,1.20094,0.32240,3.10172,,0.82383,2026-09-17,2026-09-19,"[{""date"": ""2026-09-19"", ""competition"": ""SA"", ""competition_name"": ""Serie A"", ""home"": ""roma"", ""away"": ""inter milan"", ""match"": ""AS Roma v Inter Milan"", ""key"": ""tt2.5_home_under"", ""selection"": ""Home team under 2.5 goals"", ""prob"": 0.83249, ""fair_odds"": 1.20122, ""odds"": null, ""hit_rate"": 0.82348, ""hit_rate_n"": 33542}, {""date"": ""2026-09-19"", ""competition"": ""BL1"", ""competition_name"": ""Bundesliga (Germany)"", ""home"": ""hamburger"", ""away"": ""fc koln"", ""match"": ""Hamburger SV v 1. FC K\u00f6ln"", ""key"": ""ou1.5_over"", ""selection"": ""Over 1.5 goals"", ""prob"": 0.828, ""fair_odds"": 1.20773, ""odds"": null, ""hit_rate"": 0.82503, ""hit_rate_n"": 21449}, {""date"": ""2026-09-18"", ""competition"": ""FL1"", ""competition_name"": ""Ligue 1"", ""home"": ""monaco"", ""away"": ""lens"", ""match"": ""AS Monaco v RC Lens"", ""key"": ""ou1.5_over"", ""selection"": ""Over 1.5 goals"", ""prob"": 0.82786, ""fair_odds"": 1.20794, ""odds"": null, ""hit_rate"": 0.82503, ""hit_rate_n"": 21449}, {""date"": ""2026-09-19"", ""competition"": ""PL"", ""competition_name"": ""Premier League"", ""home"": ""brighton"", ""away"": ""arsenal"", ""match"": ""Brighton and Hove Albion v Arsenal"", ""key"": ""tt0.5_away_over"", ""selection"": ""Away team over 0.5 goals"", ""prob"": 0.82695, ""fair_odds"": 1.20927, ""odds"": null, ""hit_rate"": 0.82348, ""hit_rate_n"": 33542}, {""date"": ""2026-09-19"", ""competition"": ""DED"", ""competition_name"": ""Eredivisie"", ""home"": ""ajax"", ""away"": ""excelsior"", ""match"": ""Ajax v Excelsior"", ""key"": ""dc_12"", ""selection"": ""Home or away (12)"", ""prob"": 0.82932, ""fair_odds"": 1.20581, ""odds"": null, ""hit_rate"": 0.81246, ""hit_rate_n"": 16247}, {""date"": ""2026-09-17"", ""competition"": ""PD"", ""competition_name"": ""La Liga"", ""home"": ""malaga"", ""away"": ""villarreal"", ""match"": ""M\u00e1laga v Villarreal"", ""key"": ""ou4.5_under"", ""selection"": ""Under 4.5 goals"", ""prob"": 0.82383, ""fair_odds"": 1.21384, ""odds"": null, ""hit_rate"": 0.82503, ""hit_rate_n"": 21449}]",4.00000,0.00000,,lost,,2026-09-22T13:50:11
2026-09-18,2026-09-18T09:09:42,2,3.00000,1.73205,0.32761,3.05243,,0.57224,2026-09-19,2026-09-19,"[{""date"": ""2026-09-19"", ""competition"": ""DED"", ""competition_name"": ""Eredivisie"", ""home"": ""sparta rotterdam"", ""away"": ""heerenveen"", ""match"": ""Sparta Rotterdam v Heerenveen"", ""key"": ""ou3.5_under"", ""selection"": ""Under 3.5 goals"", ""prob"": 0.57251, ""fair_odds"": 1.74671, ""odds"": 1.68, ""hit_rate"": 0.55099, ""hit_rate_n"": 42400}, {""date"": ""2026-09-19"", ""competition"": ""SA"", ""competition_name"": ""Serie A"", ""home"": ""roma"", ""away"": ""inter milan"", ""match"": ""AS Roma v Inter Milan"", ""key"": ""btts_yes"", ""selection"": ""Both teams to score"", ""prob"": 0.57224, ""fair_odds"": 1.74753, ""odds"": null, ""hit_rate"": 0.54663, ""hit_rate_n"": 46148}]",1.00000,0.00000,,lost,,2026-09-22T13:50:11
2026-09-18,2026-09-18T09:09:42,3,3.00000,1.44225,0.32747,3.05370,,0.68576,2026-09-19,2026-09-20,"[{""date"": ""2026-09-20"", ""competition"": ""BL1"", ""competition_name"": ""Bundesliga (Germany)"", ""home"": ""leverkusen"", ""away"": ""rb leipzig"", ""match"": ""Bayer Leverkusen v RB Leipzig"", ""key"": ""ou2.5_over"", ""selection"": ""Over 2.5 goals"", ""prob"": 0.69061, ""fair_odds"": 1.448, ""odds"": 1.4, ""hit_rate"": 0.65622, ""hit_rate_n"": 37783}, {""date"": ""2026-09-19"", ""competition"": ""FL1"", ""competition_name"": ""Ligue 1"", ""home"": ""le mans"", ""away"": ""lorient"", ""match"": ""Le Mans FC v Lorient"", ""key"": ""corners7.5_over"", ""selection"": ""Over 7.5 corners"", ""prob"": 0.69146, ""fair_odds"": 1.44621, ""odds"": null, ""hit_rate"": 0.64703, ""hit_rate_n"": 50072}, {""date"": ""2026-09-20"", ""competition"": ""ARG-LIGAPROF"", ""competition_name"": ""Liga Profesional"", ""home"": ""san lorenzo"", ""away"": ""boca juniors"", ""match"": ""San Lorenzo v Boca Juniors"", ""key"": ""dnb_away"", ""selection"": ""Away draw-no-bet"", ""prob"": 0.68576, ""fair_odds"": 1.45823, ""odds"": null, ""hit_rate"": 0.65525, ""hit_rate_n"": 9317}]",1.00000,0.00000,,lost,,2026-09-22T13:50:11
2026-09-18,2026-09-18T09:09:42,4,3.00000,1.31607,0.33210,3.01111,,0.75873,2026-09-18,2026-09-20,"[{""date"": ""2026-09-20"", ""competition"": ""PL"", ""competition_name"": ""Premier League"", ""home"": ""leeds"", ""away"": ""crystal palace"", ""match"": ""Leeds United v Crystal Palace"", ""key"": ""ou1.5_over"", ""selection"": ""Over 1.5 goals"", ""prob"": 0.75947, ""fair_odds"": 1.31671, ""odds"": null, ""hit_rate"": 0.77754, ""hit_rate_n"": 28126}, {""date"": ""2026-09-20"", ""competition"": ""DED"", ""competition_name"": ""Eredivisie"", ""home"": ""az alkmaar"", ""away"": ""telstar"", ""match"": ""AZ Alkmaar v SC Telstar"", ""key"": ""ou2.5_over"", ""selection"": ""Over 2.5 goals"", ""prob"": 0.75928, ""fair_odds"": 1.31704, ""odds"": 1.25, ""hit_rate"": 0.77754, ""hit_rate_n"": 28126}, {""date"": ""2026-09-18"", ""competition"": ""AUT-BUNDESLI"", ""competition_name"": ""Bundesliga (Austria)"", ""home"": ""rapid"", ""away"": ""tirol"", ""match"": ""Rapid Wien v WSG Tirol"", ""key"": ""ou4.5_under"", ""selection"": ""Under 4.5 goals"", ""prob"": 0.75905, ""fair_odds"": 1.31743, ""odds"": null, ""hit_rate"": 0.77754, ""hit_rate_n"": 28126}, {""date"": ""2026-09-19"", ""competition"": ""FL1"", ""competition_name"": ""Ligue 1"", ""home"": ""le mans"", ""away"": ""lorient"", ""match"": ""Le Mans FC v Lorient"", ""key"": ""corners11.5_under"", ""selection"": ""Under 11.5 corners"", ""prob"": 0.75873, ""fair_odds"": 1.31798, ""odds"": null, ""hit_rate"": 0.77456, ""hit_rate_n"": 18151}]",2.00000,0.00000,,lost,,2026-09-22T13:50:11
2026-09-18,2026-09-18T09:09:42,5,3.00000,1.24573,0.33063,3.02451,,0.79999,2026-09-18,2026-09-20,"[{""date"": ""2026-09-19"", ""competition"": ""FL1"", ""competition_name"": ""Ligue 1"", ""home"": ""paris"", ""away"": ""strasbourg"", ""match"": ""Paris FC v Strasbourg"", ""key"": ""ou1.5_over"", ""selection"": ""Over 1.5 goals"", ""prob"": 0.80272, ""fair_odds"": 1.24576, ""odds"": null, ""hit_rate"": 0.82483, ""hit_rate_n"": 21471}, {""date"": ""2026-09-20"", ""competition"": ""BL1"", ""competition_name"": ""Bundesliga (Germany)"", ""home"": ""schalke"", ""away"": ""elversberg"", ""match"": ""FC Schalke 04 v Elversberg"", ""key"": ""ou4.5_under"", ""selection"": ""Under 4.5 goals"", ""prob"": 0.80107, ""fair_odds"": 1.24833, ""odds"": null, ""hit_rate"": 0.82483, ""hit_rate_n"": 21471}, {""date"": ""2026-09-20"", ""competition"": ""DED"", ""competition_name"": ""Eredivisie"", ""home"": ""az alkmaar"", ""away"": ""telstar"", ""match"": ""AZ Alkmaar v SC Telstar"", ""key"": ""tt1.5_home_over"", ""selection"": ""Home team over 1.5 goals"", ""prob"": 0.79999, ""fair_odds"": 1.25002, ""odds"": null, ""hit_rate"": 0.77373, ""hit_rate_n"": 35148}, {""date"": ""2026-09-20"", ""competition"": ""AUT-BUNDESLI"", ""competition_name"": ""Bundesliga (Austria)"", ""home"": ""ried"", ""away"": ""wolfsberger"", ""match"": ""Ried v Wolfsberger AC"", ""key"": ""tt2.5_home_under"", ""selection"": ""Home team under 2.5 goals"", ""prob"": 0.80212, ""fair_odds"": 1.24669, ""odds"": null, ""hit_rate"": 0.82331, ""hit_rate_n"": 33629}, {""date"": ""2026-09-18"", ""competition"": ""FL1"", ""competition_name"": ""Ligue 1"", ""home"": ""monaco"", ""away"": ""lens"", ""match"": ""AS Monaco v RC Lens"", ""key"": ""hcp_away+1.5"", ""selection"": ""Away +1.5"", ""prob"": 0.80128, ""fair_odds"": 1.248, ""odds"": null, ""hit_rate"": 0.82395, ""hit_rate_n"": 15785}]",3.00000,0.00000,,lost,,2026-09-22T13:50:11
2026-09-18,2026-09-18T09:09:42,6,3.00000,1.20094,0.32337,3.09246,,0.82345,2026-09-18,2026-09-20,"[{""date"": ""2026-09-20"", ""competition"": ""AUT-BUNDESLI"", ""competition_name"": ""Bundesliga (Austria)"", ""home"": ""ried"", ""away"": ""wolfsberger"", ""match"": ""Ried v Wolfsberger AC"", ""key"": ""ou4.5_under"", ""selection"": ""Under 4.5 goals"", ""prob"": 0.83131, ""fair_odds"": 1.20292, ""odds"": null, ""hit_rate"": 0.82483, ""hit_rate_n"": 21471}, {""date"": ""2026-09-20"", ""competition"": ""BL1"", ""competition_name"": ""Bundesliga (Germany)"", ""home"": ""schalke"", ""away"": ""elversberg"", ""match"": ""FC Schalke 04 v Elversberg"", ""key"": ""tt0.5_home_over"", ""selection"": ""Home team over 0.5 goals"", ""prob"": 0.83252, ""fair_odds"": 1.20118, ""odds"": null, ""hit_rate"": 0.82331, ""hit_rate_n"": 33629}, {""date"": ""2026-09-19"", ""competition"": ""BL1"", ""competition_name"": ""Bundesliga (Germany)"", ""home"": ""hamburger"", ""away"": ""fc koln"", ""match"": ""Hamburger SV v 1. FC K\u00f6ln"", ""key"": ""ou1.5_over"", ""selection"": ""Over 1.5 goals"", ""prob"": 0.82844, ""fair_odds"": 1.20708, ""odds"": null, ""hit_rate"": 0.82483, ""hit_rate_n"": 21471}, {""date"": ""2026-09-18"", ""competition"": ""FL1"", ""competition_name"": ""Ligue 1"", ""home"": ""monaco"", ""away"": ""lens"", ""match"": ""AS Monaco v RC Lens"", ""key"": ""ou1.5_over"", ""selection"": ""Over 1.5 goals"", ""prob"": 0.82833, ""fair_odds"": 1.20725, ""odds"": null, ""hit_rate"": 0.82483, ""hit_rate_n"": 21471}, {""date"": ""2026-09-19"", ""competition"": ""PL"", ""competition_name"": ""Premier League"", ""home"": ""brighton"", ""away"": ""arsenal"", ""match"": ""Brighton and Hove Albion v Arsenal"", ""key"": ""tt0.5_away_over"", ""selection"": ""Away team over 0.5 goals"", ""prob"": 0.82687, ""fair_odds"": 1.20938, ""odds"": null, ""hit_rate"": 0.82331, ""hit_rate_n"": 33629}, {""date"": ""2026-09-20"", ""competition"": ""PL"", ""competition_name"": ""Premier League"", ""home"": ""manchester city"", ""away"": ""sunderland"", ""match"": ""Manchester City v Sunderland"", ""key"": ""ou1.5_over"", ""selection"": ""Over 1.5 goals"", ""prob"": 0.82345, ""fair_odds"": 1.21441, ""odds"": null, ""hit_rate"": 0.82483, ""hit_rate_n"": 21471}]",3.00000,0.00000,,lost,,2026-09-22T13:50:11
2026-09-19,2026-09-19T09:14:02,2,3.00000,1.73205,0.33256,3.00693,,0.57655,2026-09-19,2026-09-20,"[{""date"": ""2026-09-19"", ""competition"": ""SB"", ""competition_name"": ""Serie B"", ""home"": ""sampdoria"", ""away"": ""catanzaro"", ""match"": ""Sampdoria v US Catanzaro 1929"", ""key"": ""corners8.5_over"", ""selection"": ""Over 8.5 corners"", ""prob"": 0.57681, ""fair_odds"": 1.73366, ""odds"": null, ""hit_rate"": 0.54242, ""hit_rate_n"": 48341}, {""date"": ""2026-09-20"", ""competition"": ""DED"", ""competition_name"": ""Eredivisie"", ""home"": ""twente"", ""away"": ""psv eindhoven"", ""match"": ""FC Twente Enschede v PSV Eindhoven"", ""key"": ""ou3.5_over"", ""selection"": ""Over 3.5 goals"", ""prob"": 0.57655, ""fair_odds"": 1.73444, ""odds"": 1.74, ""hit_rate"": 0.55099, ""hit_rate_n"": 42400}]",2.00000,0.00000,,won,,2026-09-22T13:50:11
2026-09-19,2026-09-19T09:14:02,3,3.00000,1.44225,0.33031,3.02746,,0.69012,2026-09-19,2026-09-21,"[{""date"": ""2026-09-20"", ""competition"": ""DNK-SUPERLIG"", ""competition_name"": ""Superliga"", ""home"": ""horsens"", ""away"": ""aarhus"", ""match"": ""AC Horsens v AGF Aarhus"", ""key"": ""tt0.5_home_over"", ""selection"": ""Home team over 0.5 goals"", ""prob"": 0.69317, ""fair_odds"": 1.44266, ""odds"": null, ""hit_rate"": 0.65245, ""hit_rate_n"": 63542}, {""date"": ""2026-09-19"", ""competition"": ""EL2"", ""competition_name"": ""League Two"", ""home"": ""gillingham"", ""away"": ""bristol rovers"", ""match"": ""Gillingham v Bristol Rovers"", ""key"": ""tt0.5_home_over"", ""selection"": ""Home team over 0.5 goals"", ""prob"": 0.6905, ""fair_odds"": 1.44823, ""odds"": null, ""hit_rate"": 0.65245, ""hit_rate_n"": 63542}, {""date"": ""2026-09-21"", ""competition"": ""ARG-LIGAPROF"", ""competition_name"": ""Liga Profesional"", ""home"": ""velez sarsfield"", ""away"": ""tigre"", ""match"": ""Velez Sarsfield BA v CA Tigre BA"", ""key"": ""tt1.5_home_under"", ""selection"": ""Home team under 1.5 goals"", ""prob"": 0.69012, ""fair_odds"": 1.44903, ""odds"": null, ""hit_rate"": 0.65245, ""hit_rate_n"": 63542}]",2.00000,0.00000,,lost,,2026-09-22T13:50:11
2026-09-19,2026-09-19T09:14:02,4,3.00000,1.31607,0.33160,3.01569,,0.75862,2026-09-19,2026-09-20,"[{""date"": ""2026-09-20"", ""competition"": ""SA"", ""competition_name"": ""Serie A"", ""home"": ""fiorentina"", ""away"": ""napoli"", ""match"": ""Fiorentina v Napoli"", ""key"": ""ou1.5_over"", ""selection"": ""Over 1.5 goals"", ""prob"": 0.75913, ""fair_odds"": 1.3173, ""odds"": null, ""hit_rate"": 0.77754, ""hit_rate_n"": 28126}, {""date"": ""2026-09-19"", ""competition"": ""SB"", ""competition_name"": ""Serie B"", ""home"": ""cremonese"", ""away"": ""virtus entella"", ""match"": ""Cremonese v Virtus Entella"", ""key"": ""ou3.5_under"", ""selection"": ""Under 3.5 goals"", ""prob"": 0.7589, ""fair_odds"": 1.31769, ""odds"": null, ""hit_rate"": 0.77754, ""hit_rate_n"": 28126}, {""date"": ""2026-09-19"", ""competition"": ""FL1"", ""competition_name"": ""Ligue 1"", ""home"": ""le mans"", ""away"": ""lorient"", ""match"": ""Le Mans FC v Lorient"", ""key"": ""corners11.5_under"", ""selection"": ""Under 11.5 corners"", ""prob"": 0.75873, ""fair_odds"": 1.31798, ""odds"": null, ""hit_rate"": 0.77456, ""hit_rate_n"": 18151}, {""date"": ""2026-09-20"", ""competition"": ""BRA-SERIEA"", ""competition_name"": ""S\u00e9rie A"", ""home"": ""vitoria"", ""away"": ""cruzeiro"", ""match"": ""Vitoria v Cruzeiro"", ""key"": ""ou3.5_under"", ""selection"": ""Under 3.5 goals"", ""prob"": 0.75862, ""fair_odds"": 1.31819, ""odds"": null, ""hit_rate"": 0.77754, ""hit_rate_n"": 28126}]",3.00000,0.00000,,lost,,2026-09-22T13:50:11
2026-09-19,2026-09-19T09:14:02,5,3.00000,1.24573,0.33006,3.02979,,0.80028,2026-09-19,2026-09-21,"[{""date"": ""2026-09-19"", ""competition"": ""JPN-J1LEAGUE"", ""competition_name"": ""J1 League"", ""home"": ""tokyo"", ""away"": ""nagoya grampus"", ""match"": ""FC Tokyo v Nagoya Grampus"", ""key"": ""ou1.5_over"", ""selection"": ""Over 1.5 goals"", ""prob"": 0.80172, ""fair_odds"": 1.24731, ""odds"": null, ""hit_rate"": 0.82483, ""hit_rate_n"": 21471}, {""date"": ""2026-09-19"", ""competition"": ""BJL"", ""competition_name"": ""Pro League"", ""home"": ""anderlecht"", ""away"": ""waregem"", ""match"": ""Anderlecht v SV Zulte-Waregem"", ""key"": ""ou1.5_over"", ""selection"": ""Over 1.5 goals"", ""prob"": 0.80156, ""fair_odds"": 1.24756, ""odds"": null, ""hit_rate"": 0.82483, ""hit_rate_n"": 21471}, {""date"": ""2026-09-21"", ""competition"": ""MEX-LIGAMX"", ""competition_name"": ""Liga MX"", ""home"": ""toluca"", ""away"": ""santos laguna"", ""match"": ""Toluca v Santos Laguna"", ""key"": ""1x2_home"", ""selection"": ""Home win"", ""prob"": 0.80138, ""fair_odds"": 1.24785, ""odds"": 1.29, ""hit_rate"": 0.82661, ""hit_rate_n"": 744}, {""date"": ""2026-09-19"", ""competition"": ""FL2"", ""competition_name"": ""Ligue 2"", ""home"": ""boulogne"", ""away"": ""nantes"", ""match"": ""Boulogne v Nantes"", ""key"": ""corners11.5_under"", ""selection"": ""Under 11.5 corners"", ""prob"": 0.80084, ""fair_odds"": 1.2487, ""odds"": null, ""hit_rate"": 0.82198, ""hit_rate_n"": 2466}, {""date"": ""2026-09-20"", ""competition"": ""BRA-SERIEA"", ""competition_name"": ""S\u00e9rie A"", ""home"": ""flamengo rj"", ""away"": ""bragantino"", ""match"": ""Flamengo v Bragantino-SP"", ""key"": ""ou1.5_over"", ""selection"": ""Over 1.5 goals"", ""prob"": 0.80028, ""fair_odds"": 1.24956, ""odds"": null, ""hit_rate"": 0.82483, ""hit_rate_n"": 21471}]",3.00000,0.00000,,lost,,2026-09-22T13:50:11
2026-09-19,2026-09-19T09:14:02,6,3.00000,1.20094,0.33103,3.02090,,0.83114,2026-09-19,2026-09-20,"[{""date"": ""2026-09-19"", ""competition"": ""BJL"", ""competition_name"": ""Pro League"", ""home"": ""lommel"", ""away"": ""mechelen"", ""match"": ""Lommel SK v KV Mechelen"", ""key"": ""ou4.5_under"", ""selection"": ""Under 4.5 goals"", ""prob"": 0.83219, ""fair_odds"": 1.20164, ""odds"": null, ""hit_rate"": 0.82483, ""hit_rate_n"": 21471}, {""date"": ""2026-09-20"", ""competition"": ""BJL"", ""competition_name"": ""Pro League"", ""home"": ""kortrijk"", ""away"": ""beveren"", ""match"": ""KV Kortrijk v SK Beveren"", ""key"": ""ou4.5_under"", ""selection"": ""Under 4.5 goals"", ""prob"": 0.83192, ""fair_odds"": 1.20203, ""odds"": null, ""hit_rate"": 0.82483, ""hit_rate_n"": 21471}, {""date"": ""2026-09-19"", ""competition"": ""FL1"", ""competition_name"": ""Ligue 1"", ""home"": ""toulouse"", ""away"": ""le havre"", ""match"": ""Toulouse v Le Havre"", ""key"": ""ou4.5_under"", ""selection"": ""Under 4.5 goals"", ""prob"": 0.83179, ""fair_odds"": 1.20223, ""odds"": null, ""hit_rate"": 0.82483, ""hit_rate_n"": 21471}, {""date"": ""2026-09-20"", ""competition"": ""DNK-SUPERLIG"", ""competition_name"": ""Superliga"", ""home"": ""sonderjyske"", ""away"": ""randers"", ""match"": ""SonderjyskE v Randers FC"", ""key"": ""ou4.5_under"", ""selection"": ""Under 4.5 goals"", ""prob"": 0.83168, ""fair_odds"": 1.20238, ""odds"": null, ""hit_rate"": 0.82483, ""hit_rate_n"": 21471}, {""date"": ""2026-09-19"", ""competition"": ""SA"", ""competition_name"": ""Serie A"", ""home"": ""roma"", ""away"": ""inter milan"", ""match"": ""AS Roma v Inter Milan"", ""key"": ""ou1.5_over"", ""selection"": ""Over 1.5 goals"", ""prob"": 0.83159, ""fair_odds"": 1.20252, ""odds"": null, ""hit_rate"": 0.82483, ""hit_rate_n"": 21471}, {""date"": ""2026-09-20"", ""competition"": ""ELC"", ""competition_name"": ""Championship"", ""home"": ""norwich"", ""away"": ""bolton"", ""match"": ""Norwich City v Bolton Wanderers"", ""key"": ""ou1.5_over"", ""selection"": ""Over 1.5 goals"", ""prob"": 0.83114, ""fair_odds"": 1.20317, ""odds"": null, ""hit_rate"": 0.82483, ""hit_rate_n"": 21471}]",4.00000,0.00000,,lost,,2026-09-22T13:50:11
2026-09-20,2026-09-20T09:13:44,2,3.00000,1.73205,0.33194,3.01257,,0.57573,2026-09-20,2026-09-21,"[{""date"": ""2026-09-20"", ""competition"": ""DED"", ""competition_name"": ""Eredivisie"", ""home"": ""twente"", ""away"": ""psv eindhoven"", ""match"": ""FC Twente Enschede v PSV Eindhoven"", ""key"": ""ou3.5_over"", ""selection"": ""Over 3.5 goals"", ""prob"": 0.57655, ""fair_odds"": 1.73444, ""odds"": 1.74, ""hit_rate"": 0.55099, ""hit_rate_n"": 42400}, {""date"": ""2026-09-21"", ""competition"": ""MEX-LIGAMX"", ""competition_name"": ""Liga MX"", ""home"": ""toluca"", ""away"": ""santos laguna"", ""match"": ""Toluca v Santos Laguna"", ""key"": ""tt0.5_away_over"", ""selection"": ""Away team over 0.5 goals"", ""prob"": 0.57573, ""fair_odds"": 1.73691, ""odds"": null, ""hit_rate"": 0.54733, ""hit_rate_n"": 44423}]",2.00000,0.00000,,won,,2026-09-22T13:50:11
2026-09-20,2026-09-20T09:13:44,3,3.00000,1.44225,0.33012,3.02923,,0.69009,2026-09-20,2026-09-21,"[{""date"": ""2026-09-20"", ""competition"": ""DNK-SUPERLIG"", ""competition_name"": ""Superliga"", ""home"": ""horsens"", ""away"": ""aarhus"", ""match"": ""AC Horsens v AGF Aarhus"", ""key"": ""tt0.5_home_over"", ""selection"": ""Home team over 0.5 goals"", ""prob"": 0.69317, ""fair_odds"": 1.44266, ""odds"": null, ""hit_rate"": 0.65245, ""hit_rate_n"": 63542}, {""date"": ""2026-09-21"", ""competition"": ""ARG-LIGAPROF"", ""competition_name"": ""Liga Profesional"", ""home"": ""velez sarsfield"", ""away"": ""tigre"", ""match"": ""Velez Sarsfield BA v CA Tigre BA"", ""key"": ""tt1.5_home_under"", ""selection"": ""Home team under 1.5 goals"", ""prob"": 0.69012, ""fair_odds"": 1.44903, ""odds"": null, ""hit_rate"": 0.65245, ""hit_rate_n"": 63542}, {""date"": ""2026-09-20"", ""competition"": ""SB"", ""competition_name"": ""Serie B"", ""home"": ""modena"", ""away"": ""empoli"", ""match"": ""Modena v Empoli"", ""key"": ""hcp_away+1.5"", ""selection"": ""Away +1.5"", ""prob"": 0.69009, ""fair_odds"": 1.44908, ""odds"": null, ""hit_rate"": 0.65025, ""hit_rate_n"": 7940}]",2.00000,0.00000,,lost,,2026-09-22T13:50:11
2026-09-20,2026-09-20T09:13:44,4,3.00000,1.31607,0.33126,3.01877,,0.75843,2026-09-20,2026-09-20,"[{""date"": ""2026-09-20"", ""competition"": ""SA"", ""competition_name"": ""Serie A"", ""home"": ""fiorentina"", ""away"": ""napoli"", ""match"": ""Fiorentina v Napoli"", ""key"": ""ou1.5_over"", ""selection"": ""Over 1.5 goals"", ""prob"": 0.75913, ""fair_odds"": 1.3173, ""odds"": null, ""hit_rate"": 0.77754, ""hit_rate_n"": 28126}, {""date"": ""2026-09-20"", ""competition"": ""BRA-SERIEA"", ""competition_name"": ""S\u00e9rie A"", ""home"": ""vitoria"", ""away"": ""cruzeiro"", ""match"": ""Vitoria v Cruzeiro"", ""key"": ""ou3.5_under"", ""selection"": ""Under 3.5 goals"", ""prob"": 0.75862, ""fair_odds"": 1.31819, ""odds"": null, ""hit_rate"": 0.77754, ""hit_rate_n"": 28126}, {""date"": ""2026-09-20"", ""competition"": ""BJL"", ""competition_name"": ""Pro League"", ""home"": ""antwerp"", ""away"": ""saint gilloise"", ""match"": ""Royal Antwerp v Union Saint-Gilloise"", ""key"": ""corners11.5_under"", ""selection"": ""Under 11.5 corners"", ""prob"": 0.75843, ""fair_odds"": 1.31851, ""odds"": null, ""hit_rate"": 0.77456, ""hit_rate_n"": 18151}, {""date"": ""2026-09-20"", ""competition"": ""SA"", ""competition_name"": ""Serie A"", ""home"": ""juventus"", ""away"": ""atalanta"", ""match"": ""Juventus v Atalanta BC"", ""key"": ""corners11.5_under"", ""selection"": ""Under 11.5 corners"", ""prob"": 0.75843, ""fair_odds"": 1.31851, ""odds"": null, ""hit_rate"": 0.77456, ""hit_rate_n"": 18151}]",3.00000,0.00000,,lost,,2026-09-22T13:50:11
2026-09-20,2026-09-20T09:13:44,5,3.00000,1.24573,0.32445,3.08218,,0.79554,2026-09-20,2026-09-21,"[{""date"": ""2026-09-21"", ""competition"": ""MEX-LIGAMX"", ""competition_name"": ""Liga MX"", ""home"": ""toluca"", ""away"": ""santos laguna"", ""match"": ""Toluca v Santos Laguna"", ""key"": ""1x2_home"", ""selection"": ""Home win"", ""prob"": 0.80138, ""fair_odds"": 1.24785, ""odds"": 1.29, ""hit_rate"": 0.82661, ""hit_rate_n"": 744}, {""date"": ""2026-09-20"", ""competition"": ""BRA-SERIEA"", ""competition_name"": ""S\u00e9rie A"", ""home"": ""flamengo rj"", ""away"": ""bragantino"", ""match"": ""Flamengo v Bragantino-SP"", ""key"": ""ou1.5_over"", ""selection"": ""Over 1.5 goals"", ""prob"": 0.80028, ""fair_odds"": 1.24956, ""odds"": null, ""hit_rate"": 0.82483, ""hit_rate_n"": 21471}, {""date"": ""2026-09-20"", ""competition"": ""PL"", ""competition_name"": ""Premier League"", ""home"": ""manchester city"", ""away"": ""sunderland"", ""match"": ""Manchester City v Sunderland"", ""key"": ""ou4.5_under"", ""selection"": ""Under 4.5 goals"", ""prob"": 0.79799, ""fair_odds"": 1.25315, ""odds"": null, ""hit_rate"": 0.77754, ""hit_rate_n"": 28126}, {""date"": ""2026-09-20"", ""competition"": ""DED"", ""competition_name"": ""Eredivisie"", ""home"": ""nijmegen"", ""away"": ""go ahead eagles"", ""match"": ""NEC Nijmegen v Go Ahead Eagles"", ""key"": ""tt0.5_away_over"", ""selection"": ""Away team over 0.5 goals"", ""prob"": 0.79689, ""fair_odds"": 1.25488, ""odds"": null, ""hit_rate"": 0.77373, ""hit_rate_n"": 35148}, {""date"": ""2026-09-20"", ""competition"": ""SA"", ""competition_name"": ""Serie A"", ""home"": ""milan"", ""away"": ""lecce"", ""match"": ""AC Milan v Lecce"", ""key"": ""ou1.5_over"", ""selection"": ""Over 1.5 goals"", ""prob"": 0.79554, ""fair_odds"": 1.257, ""odds"": null, ""hit_rate"": 0.77754, ""hit_rate_n"": 28126}]",3.00000,0.00000,,lost,,2026-09-22T13:50:11
2026-09-20,2026-09-20T09:13:44,6,3.00000,1.20094,0.32907,3.03889,,0.82999,2026-09-20,2026-09-21,"[{""date"": ""2026-09-20"", ""competition"": ""BJL"", ""competition_name"": ""Pro League"", ""home"": ""kortrijk"", ""away"": ""beveren"", ""match"": ""KV Kortrijk v SK Beveren"", ""key"": ""ou4.5_under"", ""selection"": ""Under 4.5 goals"", ""prob"": 0.83192, ""fair_odds"": 1.20203, ""odds"": null, ""hit_rate"": 0.82483, ""hit_rate_n"": 21471}, {""date"": ""2026-09-20"", ""competition"": ""DNK-SUPERLIG"", ""competition_name"": ""Superliga"", ""home"": ""sonderjyske"", ""away"": ""randers"", ""match"": ""SonderjyskE v Randers FC"", ""key"": ""ou4.5_under"", ""selection"": ""Under 4.5 goals"", ""prob"": 0.83168, ""fair_odds"": 1.20238, ""odds"": null, ""hit_rate"": 0.82483, ""hit_rate_n"": 21471}, {""date"": ""2026-09-20"", ""competition"": ""ELC"", ""competition_name"": ""Championship"", ""home"": ""norwich"", ""away"": ""bolton"", ""match"": ""Norwich City v Bolton Wanderers"", ""key"": ""ou1.5_over"", ""selection"": ""Over 1.5 goals"", ""prob"": 0.83114, ""fair_odds"": 1.20317, ""odds"": null, ""hit_rate"": 0.82483, ""hit_rate_n"": 21471}, {""date"": ""2026-09-20"", ""competition"": ""DNK-SUPERLIG"", ""competition_name"": ""Superliga"", ""home"": ""horsens"", ""away"": ""aarhus"", ""match"": ""AC Horsens v AGF Aarhus"", ""key"": ""ou4.5_under"", ""selection"": ""Under 4.5 goals"", ""prob"": 0.83065, ""fair_odds"": 1.20388, ""odds"": null, ""hit_rate"": 0.82483, ""hit_rate_n"": 21471}, {""date"": ""2026-09-21"", ""competition"": ""MEX-LIGAMX"", ""competition_name"": ""Liga MX"", ""home"": ""queretaro"", ""away"": ""leon"", ""match"": ""Quer\u00e9taro v Le\u00f3n"", ""key"": ""ou4.5_under"", ""selection"": ""Under 4.5 goals"", ""prob"": 0.83, ""fair_odds"": 1.20482, ""odds"": null, ""hit_rate"": 0.82483, ""hit_rate_n"": 21471}, {""date"": ""2026-09-20"", ""competition"": ""PL"", ""competition_name"": ""Premier League"", ""home"": ""fulham"", ""away"": ""manchester united"", ""match"": ""Fulham v Manchester United"", ""key"": ""ou1.5_over"", ""selection"": ""Over 1.5 goals"", ""prob"": 0.82999, ""fair_odds"": 1.20483, ""odds"": null, ""hit_rate"": 0.82483, ""hit_rate_n"": 21471}]",5.00000,0.00000,,lost,,2026-09-22T13:50:11
2026-09-21,2026-09-21T15:38:13,2,3.00000,1.73205,0.32585,3.06890,,0.56597,2026-09-21,2026-09-22,"[{""date"": ""2026-09-22"", ""competition"": ""ARG-LIGAPROF"", ""competition_name"": ""Liga Profesional"", ""home"": ""lanus"", ""away"": ""estudiantes la plata"", ""match"": ""Lanus v Estudiantes"", ""key"": ""tt0.5_away_over"", ""selection"": ""Away team over 0.5 goals"", ""prob"": 0.57573, ""fair_odds"": 1.73691, ""odds"": null, ""hit_rate"": 0.54733, ""hit_rate_n"": 44423}, {""date"": ""2026-09-21"", ""competition"": ""ARG-LIGAPROF"", ""competition_name"": ""Liga Profesional"", ""home"": ""barracas central"", ""away"": ""independiente rivadavia"", ""match"": ""Barracas Central v Independiente Rivadavia"", ""key"": ""dnb_away"", ""selection"": ""Away draw-no-bet"", ""prob"": 0.56597, ""fair_odds"": 1.76687, ""odds"": null, ""hit_rate"": 0.54519, ""hit_rate_n"": 10699}]",2.00000,0.00000,,won,,2026-09-22T13:50:11
2026-09-21,2026-09-21T15:38:13,3,3.00000,1.44225,0.30931,3.23303,,0.67449,2026-09-21,2026-09-22,"[{""date"": ""2026-09-21"", ""competition"": ""ARG-LIGAPROF"", ""competition_name"": ""Liga Profesional"", ""home"": ""aldosivi"", ""away"": ""atletico tucuman"", ""match"": ""Aldosivi Mar del Plata v Atl\u00e9tico Tucuman"", ""key"": ""dc_x2"", ""selection"": ""Draw or away (X2)"", ""prob"": 0.67719, ""fair_odds"": 1.4767, ""odds"": null, ""hit_rate"": 0.65898, ""hit_rate_n"": 30277}, {""date"": ""2026-09-22"", ""competition"": ""ARG-LIGAPROF"", ""competition_name"": ""Liga Profesional"", ""home"": ""lanus"", ""away"": ""estudiantes la plata"", ""match"": ""Lanus v Estudiantes"", ""key"": ""dc_12"", ""selection"": ""Home or away (12)"", ""prob"": 0.67719, ""fair_odds"": 1.4767, ""odds"": null, ""hit_rate"": 0.65898, ""hit_rate_n"": 30277}, {""date"": ""2026-09-21"", ""competition"": ""ARG-LIGAPROF"", ""competition_name"": ""Liga Profesional"", ""home"": ""barracas central"", ""away"": ""independiente rivadavia"", ""match"": ""Barracas Central v Independiente Rivadavia"", ""key"": ""dc_12"", ""selection"": ""Home or away (12)"", ""prob"": 0.67449, ""fair_odds"": 1.48261, ""odds"": null, ""hit_rate"": 0.65898, ""hit_rate_n"": 30277}]",2.00000,0.00000,,lost,,2026-09-22T13:50:11
2026-09-21,2026-09-21T15:38:13,4,3.00000,1.31607,0.29590,3.37954,,0.69866,2026-09-21,2026-09-26,"[{""date"": ""2026-09-26"", ""competition"": ""MEX-LIGAMX"", ""competition_name"": ""Liga MX"", ""home"": ""tijuana"", ""away"": ""atlas"", ""match"": ""Tijuana v Atlas"", ""key"": ""ou1.5_over"", ""selection"": ""Over 1.5 goals"", ""prob"": 0.75372, ""fair_odds"": 1.32675, ""odds"": null, ""hit_rate"": 0.77754, ""hit_rate_n"": 28126}, {""date"": ""2026-09-26"", ""competition"": ""MEX-LIGAMX"", ""competition_name"": ""Liga MX"", ""home"": ""atlante"", ""away"": ""monterrey"", ""match"": ""Atlante FC v Monterrey"", ""key"": ""tt2.5_away_under"", ""selection"": ""Away team under 2.5 goals"", ""prob"": 0.75285, ""fair_odds"": 1.32828, ""odds"": null, ""hit_rate"": 0.77373, ""hit_rate_n"": 35148}, {""date"": ""2026-09-22"", ""competition"": ""ARG-LIGAPROF"", ""competition_name"": ""Liga Profesional"", ""home"": ""lanus"", ""away"": ""estudiantes la plata"", ""match"": ""Lanus v Estudiantes"", ""key"": ""dc_1x"", ""selection"": ""Home or draw (1X)"", ""prob"": 0.74638, ""fair_odds"": 1.33981, ""odds"": null, ""hit_rate"": 0.71997, ""hit_rate_n"": 29779}, {""date"": ""2026-09-21"", ""competition"": ""ARG-LIGAPROF"", ""competition_name"": ""Liga Profesional"", ""home"": ""barracas central"", ""away"": ""independiente rivadavia"", ""match"": ""Barracas Central v Independiente Rivadavia"", ""key"": ""dc_x2"", ""selection"": ""Draw or away (X2)"", ""prob"": 0.69866, ""fair_odds"": 1.43132, ""odds"": null, ""hit_rate"": 0.65898, ""hit_rate_n"": 30277}]",,,,pending,,
2026-09-21,2026-09-21T15:38:13,5,3.00000,1.24573,0.28609,3.49538,,0.76288,2026-09-21,2026-09-26,"[{""date"": ""2026-09-26"", ""competition"": ""MEX-LIGAMX"", ""competition_name"": ""Liga MX"", ""home"": ""tijuana"", ""away"": ""atlas"", ""match"": ""Tijuana v Atlas"", ""key"": ""hcp_away+1.5"", ""selection"": ""Away +1.5"", ""prob"": 0.79287, ""fair_odds"": 1.26125, ""odds"": null, ""hit_rate"": 0.77337, ""hit_rate_n"": 9597}, {""date"": ""2026-09-26"", ""competition"": ""MEX-LIGAMX"", ""competition_name"": ""Liga MX"", ""home"": ""atlante"", ""away"": ""monterrey"", ""match"": ""Atlante FC v Monterrey"", ""key"": ""ou4.5_under"", ""selection"": ""Under 4.5 goals"", ""prob"": 0.78373, ""fair_odds"": 1.27595, ""odds"": null, ""hit_rate"": 0.77754, ""hit_rate_n"": 28126}, {""date"": ""2026-09-21"", ""competition"": ""ARG-LIGAPROF"", ""competition_name"": ""Liga Profesional"", ""home"": ""aldosivi"", ""away"": ""atletico tucuman"", ""match"": ""Aldosivi Mar del Plata v Atl\u00e9tico Tucuman"", ""key"": ""tt1.5_home_under"", ""selection"": ""Home team under 1.5 goals"", ""prob"": 0.76439, ""fair_odds"": 1.30824, ""odds"": null, ""hit_rate"": 0.77373, ""hit_rate_n"": 35148}, {""date"": ""2026-09-21"", ""competition"": ""ARG-LIGAPROF"", ""competition_name"": ""Liga Profesional"", ""home"": ""barracas central"", ""away"": ""independiente rivadavia"", ""match"": ""Barracas Central v Independiente Rivadavia"", ""key"": ""tt1.5_home_under"", ""selection"": ""Home team under 1.5 goals"", ""prob"": 0.76288, ""fair_odds"": 1.31082, ""odds"": null, ""hit_rate"": 0.77373, ""hit_rate_n"": 35148}, {""date"": ""2026-09-22"", ""competition"": ""ARG-LIGAPROF"", ""competition_name"": ""Liga Profesional"", ""home"": ""lanus"", ""away"": ""estudiantes la plata"", ""match"": ""Lanus v Estudiantes"", ""key"": ""tt1.5_away_under"", ""selection"": ""Away team under 1.5 goals"", ""prob"": 0.78953, ""fair_odds"": 1.26658, ""odds"": null, ""hit_rate"": 0.77373, ""hit_rate_n"": 35148}]",,,,pending,,
2026-09-22,2026-09-22T13:57:21,2,3.00000,1.73205,0.31818,3.14291,,0.56220,2026-10-02,2026-10-03,"[{""date"": ""2026-10-02"", ""competition"": ""ARG-LIGAPROF"", ""competition_name"": ""Liga Profesional"", ""home"": ""independiente"", ""away"": ""instituto"", ""match"": ""Independiente v Instituto de C\u00f3rdoba"", ""key"": ""dnb_home"", ""selection"": ""Home draw-no-bet"", ""prob"": 0.56595, ""fair_odds"": 1.76693, ""odds"": null, ""hit_rate"": 0.54503, ""hit_rate_n"": 10838}, {""date"": ""2026-10-03"", ""competition"": ""ARG-LIGAPROF"", ""competition_name"": ""Liga Profesional"", ""home"": ""independiente rivadavia"", ""away"": ""gimnasia la plata"", ""match"": ""Independiente Rivadavia v Gimnasia La Plata"", ""key"": ""tt0.5_away_over"", ""selection"": ""Away team over 0.5 goals"", ""prob"": 0.5622, ""fair_odds"": 1.77874, ""odds"": null, ""hit_rate"": 0.54719, ""hit_rate_n"": 44303}]",,,,pending,,
2026-09-22,2026-09-22T13:57:21,3,3.00000,1.44225,0.31211,3.20403,,0.67812,2026-10-02,2026-10-03,"[{""date"": ""2026-10-03"", ""competition"": ""ARG-LIGAPROF"", ""competition_name"": ""Liga Profesional"", ""home"": ""argentinos juniors"", ""away"": ""tigre"", ""match"": ""Argentinos Juniors v CA Tigre BA"", ""key"": ""dc_12"", ""selection"": ""Home or away (12)"", ""prob"": 0.67873, ""fair_odds"": 1.47335, ""odds"": null, ""hit_rate"": 0.65859, ""hit_rate_n"": 31042}, {""date"": ""2026-10-03"", ""competition"": ""ARG-LIGAPROF"", ""competition_name"": ""Liga Profesional"", ""home"": ""atletico tucuman"", ""away"": ""barracas central"", ""match"": ""Atl\u00e9tico Tucuman v Barracas Central"", ""key"": ""dc_12"", ""selection"": ""Home or away (12)"", ""prob"": 0.67812, ""fair_odds"": 1.47467, ""odds"": null, ""hit_rate"": 0.65859, ""hit_rate_n"": 31042}, {""date"": ""2026-10-02"", ""competition"": ""ARG-LIGAPROF"", ""competition_name"": ""Liga Profesional"", ""home"": ""independiente"", ""away"": ""instituto"", ""match"": ""Independiente v Instituto de C\u00f3rdoba"", ""key"": ""dc_12"", ""selection"": ""Home or away (12)"", ""prob"": 0.67812, ""fair_odds"": 1.47467, ""odds"": null, ""hit_rate"": 0.65859, ""hit_rate_n"": 31042}]",,,,pending,,
2026-09-22,2026-09-22T13:57:21,4,3.00000,1.31607,0.30721,3.25505,,0.72495,2026-09-26,2026-10-03,"[{""date"": ""2026-09-26"", ""competition"": ""MEX-LIGAMX"", ""competition_name"": ""Liga MX"", ""home"": ""tijuana"", ""away"": ""atlas"", ""match"": ""Tijuana v Atlas"", ""key"": ""ou1.5_over"", ""selection"": ""Over 1.5 goals"", ""prob"": 0.75504, ""fair_odds"": 1.32444, ""odds"": null, ""hit_rate"": 0.77802, ""hit_rate_n"": 28241}, {""date"": ""2026-09-26"", ""competition"": ""MEX-LIGAMX"", ""competition_name"": ""Liga MX"", ""home"": ""atlante"", ""away"": ""monterrey"", ""match"": ""Atlante FC v Monterrey"", ""key"": ""tt2.5_away_under"", ""selection"": ""Away team under 2.5 goals"", ""prob"": 0.75334, ""fair_odds"": 1.32742, ""odds"": null, ""hit_rate"": 0.77397, ""hit_rate_n"": 35381}, {""date"": ""2026-10-03"", ""competition"": ""ARG-LIGAPROF"", ""competition_name"": ""Liga Profesional"", ""home"": ""argentinos juniors"", ""away"": ""tigre"", ""match"": ""Argentinos Juniors v CA Tigre BA"", ""key"": ""tt0.5_home_over"", ""selection"": ""Home team over 0.5 goals"", ""prob"": 0.74503, ""fair_odds"": 1.34223, ""odds"": null, ""hit_rate"": 0.72658, ""hit_rate_n"": 36757}, {""date"": ""2026-10-03"", ""competition"": ""ARG-LIGAPROF"", ""competition_name"": ""Liga Profesional"", ""home"": ""atletico tucuman"", ""away"": ""barracas central"", ""match"": ""Atl\u00e9tico Tucuman v Barracas Central"", ""key"": ""tt0.5_home_over"", ""selection"": ""Home team over 0.5 goals"", ""prob"": 0.72495, ""fair_odds"": 1.3794, ""odds"": null, ""hit_rate"": 0.72658, ""hit_rate_n"": 36757}]",,,,pending,,
2026-09-22,2026-09-22T13:57:21,5,3.00000,1.24573,0.30437,3.28548,,0.76965,2026-09-26,2026-10-03,"[{""date"": ""2026-10-03"", ""competition"": ""ARG-LIGAPROF"", ""competition_name"": ""Liga Profesional"", ""home"": ""atletico tucuman"", ""away"": ""barracas central"", ""match"": ""Atl\u00e9tico Tucuman v Barracas Central"", ""key"": ""hcp_away+1.5"", ""selection"": ""Away +1.5"", ""prob"": 0.79259, ""fair_odds"": 1.26169, ""odds"": null, ""hit_rate"": 0.77396, ""hit_rate_n"": 9768}, {""date"": ""2026-09-26"", ""competition"": ""MEX-LIGAMX"", ""competition_name"": ""Liga MX"", ""home"": ""tijuana"", ""away"": ""atlas"", ""match"": ""Tijuana v Atlas"", ""key"": ""hcp_away+1.5"", ""selection"": ""Away +1.5"", ""prob"": 0.79259, ""fair_odds"": 1.26169, ""odds"": null, ""hit_rate"": 0.77396, ""hit_rate_n"": 9768}, {""date"": ""2026-09-26"", ""competition"": ""MEX-LIGAMX"", ""competition_name"": ""Liga MX"", ""home"": ""atlante"", ""away"": ""monterrey"", ""match"": ""Atlante FC v Monterrey"", ""key"": ""ou4.5_under"", ""selection"": ""Under 4.5 goals"", ""prob"": 0.78627, ""fair_odds"": 1.27182, ""odds"": null, ""hit_rate"": 0.77802, ""hit_rate_n"": 28241}, {""date"": ""2026-10-03"", ""competition"": ""ARG-LIGAPROF"", ""competition_name"": ""Liga Profesional"", ""home"": ""independiente rivadavia"", ""away"": ""gimnasia la plata"", ""match"": ""Independiente Rivadavia v Gimnasia La Plata"", ""key"": ""tt2.5_home_under"", ""selection"": ""Home team under 2.5 goals"", ""prob"": 0.76965, ""fair_odds"": 1.2993, ""odds"": null, ""hit_rate"": 0.77397, ""hit_rate_n"": 35381}, {""date"": ""2026-10-03"", ""competition"": ""ARG-LIGAPROF"", ""competition_name"": ""Liga Profesional"", ""home"": ""argentinos juniors"", ""away"": ""tigre"", ""match"": ""Argentinos Juniors v CA Tigre BA"", ""key"": ""dc_1x"", ""selection"": ""Home or draw (1X)"", ""prob"": 0.80065, ""fair_odds"": 1.24899, ""odds"": null, ""hit_rate"": 0.81188, ""hit_rate_n"": 16543}]",,,,pending,,
2026-09-22,2026-09-22T13:57:21,6,3.00000,1.20094,0.28536,3.50434,,0.79259,2026-09-26,2026-10-03,"[{""date"": ""2026-09-26"", ""competition"": ""MEX-LIGAMX"", ""competition_name"": ""Liga MX"", ""home"": ""atlante"", ""away"": ""monterrey"", ""match"": ""Atlante FC v Monterrey"", ""key"": ""ou1.5_over"", ""selection"": ""Over 1.5 goals"", ""prob"": 0.8284, ""fair_odds"": 1.20715, ""odds"": null, ""hit_rate"": 0.82602, ""hit_rate_n"": 22612}, {""date"": ""2026-10-03"", ""competition"": ""ARG-LIGAPROF"", ""competition_name"": ""Liga Profesional"", ""home"": ""defensa y justicia"", ""away"": ""san lorenzo"", ""match"": ""Defensa y Justicia v San Lorenzo"", ""key"": ""hcp_away+1.5"", ""selection"": ""Away +1.5"", ""prob"": 0.82267, ""fair_odds"": 1.21555, ""odds"": null, ""hit_rate"": 0.82383, ""hit_rate_n"": 15746}, {""date"": ""2026-09-26"", ""competition"": ""MEX-LIGAMX"", ""competition_name"": ""Liga MX"", ""home"": ""tijuana"", ""away"": ""atlas"", ""match"": ""Tijuana v Atlas"", ""key"": ""tt2.5_home_under"", ""selection"": ""Home team under 2.5 goals"", ""prob"": 0.81054, ""fair_odds"": 1.23375, ""odds"": null, ""hit_rate"": 0.8234, ""hit_rate_n"": 34015}, {""date"": ""2026-10-03"", ""competition"": ""ARG-LIGAPROF"", ""competition_name"": ""Liga Profesional"", ""home"": ""atletico tucuman"", ""away"": ""barracas central"", ""match"": ""Atl\u00e9tico Tucuman v Barracas Central"", ""key"": ""hcp_away+1.5"", ""selection"": ""Away +1.5"", ""prob"": 0.79259, ""fair_odds"": 1.26169, ""odds"": null, ""hit_rate"": 0.77396, ""hit_rate_n"": 9768}, {""date"": ""2026-10-03"", ""competition"": ""ARG-LIGAPROF"", ""competition_name"": ""Liga Profesional"", ""home"": ""argentinos juniors"", ""away"": ""tigre"", ""match"": ""Argentinos Juniors v CA Tigre BA"", ""key"": ""dc_1x"", ""selection"": ""Home or draw (1X)"", ""prob"": 0.80065, ""fair_odds"": 1.24899, ""odds"": null, ""hit_rate"": 0.81188, ""hit_rate_n"": 16543}, {""date"": ""2026-10-02"", ""competition"": ""ARG-LIGAPROF"", ""competition_name"": ""Liga Profesional"", ""home"": ""independiente"", ""away"": ""instituto"", ""match"": ""Independiente v Instituto de C\u00f3rdoba"", ""key"": ""ou3.5_under"", ""selection"": ""Under 3.5 goals"", ""prob"": 0.81408, ""fair_odds"": 1.22838, ""odds"": null, ""hit_rate"": 0.82602, ""hit_rate_n"": 22612}]",,,,pending,,
2026-09-23,2026-09-23T14:08:20,2,3.00000,1.73205,0.31818,3.14291,,0.56220,2026-10-02,2026-10-03,"[{""date"": ""2026-10-02"", ""competition"": ""ARG-LIGAPROF"", ""competition_name"": ""Liga Profesional"", ""home"": ""independiente"", ""away"": ""instituto"", ""match"": ""Independiente v Instituto de C\u00f3rdoba"", ""key"": ""dnb_home"", ""selection"": ""Home draw-no-bet"", ""prob"": 0.56595, ""fair_odds"": 1.76693, ""odds"": null, ""hit_rate"": 0.54503, ""hit_rate_n"": 10838}, {""date"": ""2026-10-03"", ""competition"": ""ARG-LIGAPROF"", ""competition_name"": ""Liga Profesional"", ""home"": ""independiente rivadavia"", ""away"": ""gimnasia la plata"", ""match"": ""Independiente Rivadavia v Gimnasia La Plata"", ""key"": ""tt0.5_away_over"", ""selection"": ""Away team over 0.5 goals"", ""prob"": 0.5622, ""fair_odds"": 1.77874, ""odds"": null, ""hit_rate"": 0.54719, ""hit_rate_n"": 44303}]",,,,pending,,
2026-09-23,2026-09-23T14:08:20,3,3.00000,1.44225,0.31211,3.20403,,0.67812,2026-10-02,2026-10-03,"[{""date"": ""2026-10-03"", ""competition"": ""ARG-LIGAPROF"", ""competition_name"": ""Liga Profesional"", ""home"": ""argentinos juniors"", ""away"": ""tigre"", ""match"": ""Argentinos Juniors v CA Tigre BA"", ""key"": ""dc_12"", ""selection"": ""Home or away (12)"", ""prob"": 0.67873, ""fair_odds"": 1.47335, ""odds"": null, ""hit_rate"": 0.65859, ""hit_rate_n"": 31042}, {""date"": ""2026-10-03"", ""competition"": ""ARG-LIGAPROF"", ""competition_name"": ""Liga Profesional"", ""home"": ""atletico tucuman"", ""away"": ""barracas central"", ""match"": ""Atl\u00e9tico Tucuman v Barracas Central"", ""key"": ""dc_12"", ""selection"": ""Home or away (12)"", ""prob"": 0.67812, ""fair_odds"": 1.47467, ""odds"": null, ""hit_rate"": 0.65859, ""hit_rate_n"": 31042}, {""date"": ""2026-10-02"", ""competition"": ""ARG-LIGAPROF"", ""competition_name"": ""Liga Profesional"", ""home"": ""independiente"", ""away"": ""instituto"", ""match"": ""Independiente v Instituto de C\u00f3rdoba"", ""key"": ""dc_12"", ""selection"": ""Home or away (12)"", ""prob"": 0.67812, ""fair_odds"": 1.47467, ""odds"": null, ""hit_rate"": 0.65859, ""hit_rate_n"": 31042}]",,,,pending,,
2026-09-23,2026-09-23T14:08:20,4,3.00000,1.31607,0.30721,3.25505,,0.72495,2026-09-26,2026-10-03,"[{""date"": ""2026-09-26"", ""competition"": ""MEX-LIGAMX"", ""competition_name"": ""Liga MX"", ""home"": ""tijuana"", ""away"": ""atlas"", ""match"": ""Tijuana v Atlas"", ""key"": ""ou1.5_over"", ""selection"": ""Over 1.5 goals"", ""prob"": 0.75504, ""fair_odds"": 1.32444, ""odds"": null, ""hit_rate"": 0.77802, ""hit_rate_n"": 28241}, {""date"": ""2026-09-26"", ""competition"": ""MEX-LIGAMX"", ""competition_name"": ""Liga MX"", ""home"": ""atlante"", ""away"": ""monterrey"", ""match"": ""Atlante FC v Monterrey"", ""key"": ""tt2.5_away_under"", ""selection"": ""Away team under 2.5 goals"", ""prob"": 0.75334, ""fair_odds"": 1.32742, ""odds"": null, ""hit_rate"": 0.77397, ""hit_rate_n"": 35381}, {""date"": ""2026-10-03"", ""competition"": ""ARG-LIGAPROF"", ""competition_name"": ""Liga Profesional"", ""home"": ""argentinos juniors"", ""away"": ""tigre"", ""match"": ""Argentinos Juniors v CA Tigre BA"", ""key"": ""tt0.5_home_over"", ""selection"": ""Home team over 0.5 goals"", ""prob"": 0.74503, ""fair_odds"": 1.34223, ""odds"": null, ""hit_rate"": 0.72658, ""hit_rate_n"": 36757}, {""date"": ""2026-10-03"", ""competition"": ""ARG-LIGAPROF"", ""competition_name"": ""Liga Profesional"", ""home"": ""atletico tucuman"", ""away"": ""barracas central"", ""match"": ""Atl\u00e9tico Tucuman v Barracas Central"", ""key"": ""tt0.5_home_over"", ""selection"": ""Home team over 0.5 goals"", ""prob"": 0.72495, ""fair_odds"": 1.3794, ""odds"": null, ""hit_rate"": 0.72658, ""hit_rate_n"": 36757}]",,,,pending,,
2026-09-23,2026-09-23T14:08:20,5,3.00000,1.24573,0.30437,3.28548,,0.76965,2026-09-26,2026-10-03,"[{""date"": ""2026-10-03"", ""competition"": ""ARG-LIGAPROF"", ""competition_name"": ""Liga Profesional"", ""home"": ""atletico tucuman"", ""away"": ""barracas central"", ""match"": ""Atl\u00e9tico Tucuman v Barracas Central"", ""key"": ""hcp_away+1.5"", ""selection"": ""Away +1.5"", ""prob"": 0.79259, ""fair_odds"": 1.26169, ""odds"": null, ""hit_rate"": 0.77396, ""hit_rate_n"": 9768}, {""date"": ""2026-09-26"", ""competition"": ""MEX-LIGAMX"", ""competition_name"": ""Liga MX"", ""home"": ""tijuana"", ""away"": ""atlas"", ""match"": ""Tijuana v Atlas"", ""key"": ""hcp_away+1.5"", ""selection"": ""Away +1.5"", ""prob"": 0.79259, ""fair_odds"": 1.26169, ""odds"": null, ""hit_rate"": 0.77396, ""hit_rate_n"": 9768}, {""date"": ""2026-09-26"", ""competition"": ""MEX-LIGAMX"", ""competition_name"": ""Liga MX"", ""home"": ""atlante"", ""away"": ""monterrey"", ""match"": ""Atlante FC v Monterrey"", ""key"": ""ou4.5_under"", ""selection"": ""Under 4.5 goals"", ""prob"": 0.78627, ""fair_odds"": 1.27182, ""odds"": null, ""hit_rate"": 0.77802, ""hit_rate_n"": 28241}, {""date"": ""2026-10-03"", ""competition"": ""ARG-LIGAPROF"", ""competition_name"": ""Liga Profesional"", ""home"": ""independiente rivadavia"", ""away"": ""gimnasia la plata"", ""match"": ""Independiente Rivadavia v Gimnasia La Plata"", ""key"": ""tt2.5_home_under"", ""selection"": ""Home team under 2.5 goals"", ""prob"": 0.76965, ""fair_odds"": 1.2993, ""odds"": null, ""hit_rate"": 0.77397, ""hit_rate_n"": 35381}, {""date"": ""2026-10-03"", ""competition"": ""ARG-LIGAPROF"", ""competition_name"": ""Liga Profesional"", ""home"": ""argentinos juniors"", ""away"": ""tigre"", ""match"": ""Argentinos Juniors v CA Tigre BA"", ""key"": ""dc_1x"", ""selection"": ""Home or draw (1X)"", ""prob"": 0.80065, ""fair_odds"": 1.24899, ""odds"": null, ""hit_rate"": 0.81188, ""hit_rate_n"": 16543}]",,,,pending,,
2026-09-23,2026-09-23T14:08:20,6,3.00000,1.20094,0.28536,3.50434,,0.79259,2026-09-26,2026-10-03,"[{""date"": ""2026-09-26"", ""competition"": ""MEX-LIGAMX"", ""competition_name"": ""Liga MX"", ""home"": ""atlante"", ""away"": ""monterrey"", ""match"": ""Atlante FC v Monterrey"", ""key"": ""ou1.5_over"", ""selection"": ""Over 1.5 goals"", ""prob"": 0.8284, ""fair_odds"": 1.20715, ""odds"": null, ""hit_rate"": 0.82602, ""hit_rate_n"": 22612}, {""date"": ""2026-10-03"", ""competition"": ""ARG-LIGAPROF"", ""competition_name"": ""Liga Profesional"", ""home"": ""defensa y justicia"", ""away"": ""san lorenzo"", ""match"": ""Defensa y Justicia v San Lorenzo"", ""key"": ""hcp_away+1.5"", ""selection"": ""Away +1.5"", ""prob"": 0.82267, ""fair_odds"": 1.21555, ""odds"": null, ""hit_rate"": 0.82383, ""hit_rate_n"": 15746}, {""date"": ""2026-09-26"", ""competition"": ""MEX-LIGAMX"", ""competition_name"": ""Liga MX"", ""home"": ""tijuana"", ""away"": ""atlas"", ""match"": ""Tijuana v Atlas"", ""key"": ""tt2.5_home_under"", ""selection"": ""Home team under 2.5 goals"", ""prob"": 0.81054, ""fair_odds"": 1.23375, ""odds"": null, ""hit_rate"": 0.8234, ""hit_rate_n"": 34015}, {""date"": ""2026-10-03"", ""competition"": ""ARG-LIGAPROF"", ""competition_name"": ""Liga Profesional"", ""home"": ""atletico tucuman"", ""away"": ""barracas central"", ""match"": ""Atl\u00e9tico Tucuman v Barracas Central"", ""key"": ""hcp_away+1.5"", ""selection"": ""Away +1.5"", ""prob"": 0.79259, ""fair_odds"": 1.26169, ""odds"": null, ""hit_rate"": 0.77396, ""hit_rate_n"": 9768}, {""date"": ""2026-10-03"", ""competition"": ""ARG-LIGAPROF"", ""competition_name"": ""Liga Profesional"", ""home"": ""argentinos juniors"", ""away"": ""tigre"", ""match"": ""Argentinos Juniors v CA Tigre BA"", ""key"": ""dc_1x"", ""selection"": ""Home or draw (1X)"", ""prob"": 0.80065, ""fair_odds"": 1.24899, ""odds"": null, ""hit_rate"": 0.81188, ""hit_rate_n"": 16543}, {""date"": ""2026-10-02"", ""competition"": ""ARG-LIGAPROF"", ""competition_name"": ""Liga Profesional"", ""home"": ""independiente"", ""away"": ""instituto"", ""match"": ""Independiente v Instituto de C\u00f3rdoba"", ""key"": ""ou3.5_under"", ""selection"": ""Under 3.5 goals"", ""prob"": 0.81408, ""fair_odds"": 1.22838, ""odds"": null, ""hit_rate"": 0.82602, ""hit_rate_n"": 22612}]",,,,pending,,
2026-09-24,2026-09-24T14:06:40,2,3.00000,1.73205,0.31863,3.13847,,0.56248,2026-10-02,2026-10-03,"[{""date"": ""2026-10-02"", ""competition"": ""ARG-LIGAPROF"", ""competition_name"": ""Liga Profesional"", ""home"": ""independiente"", ""away"": ""instituto"", ""match"": ""Independiente v Instituto de C\u00f3rdoba"", ""key"": ""dnb_home"", ""selection"": ""Home draw-no-bet"", ""prob"": 0.56647, ""fair_odds"": 1.76532, ""odds"": null, ""hit_rate"": 0.54357, ""hit_rate_n"": 10455}, {""date"": ""2026-10-03"", ""competition"": ""ARG-LIGAPROF"", ""competition_name"": ""Liga Profesional"", ""home"": ""independiente rivadavia"", ""away"": ""gimnasia la plata"", ""match"": ""Independiente Rivadavia v Gimnasia La Plata"", ""key"": ""tt0.5_away_over"", ""selection"": ""Away team over 0.5 goals"", ""prob"": 0.56248, ""fair_odds"": 1.77785, ""odds"": null, ""hit_rate"": 0.54783, ""hit_rate_n"": 44048}]",,,,pending,,
2026-09-24,2026-09-24T14:06:40,3,3.00000,1.44225,0.31221,3.20295,,0.67749,2026-10-02,2026-10-03,"[{""date"": ""2026-10-03"", ""competition"": ""ARG-LIGAPROF"", ""competition_name"": ""Liga Profesional"", ""home"": ""argentinos juniors"", ""away"": ""tigre"", ""match"": ""Argentinos Juniors v CA Tigre BA"", ""key"": ""dc_12"", ""selection"": ""Home or away (12)"", ""prob"": 0.68021, ""fair_odds"": 1.47012, ""odds"": null, ""hit_rate"": 0.66219, ""hit_rate_n"": 29511}, {""date"": ""2026-10-03"", ""competition"": ""ARG-LIGAPROF"", ""competition_name"": ""Liga Profesional"", ""home"": ""atletico tucuman"", ""away"": ""barracas central"", ""match"": ""Atl\u00e9tico Tucuman v Barracas Central"", ""key"": ""dc_12"", ""selection"": ""Home or away (12)"", ""prob"": 0.67749, ""fair_odds"": 1.47604, ""odds"": null, ""hit_rate"": 0.66219, ""hit_rate_n"": 29511}, {""date"": ""2026-10-02"", ""competition"": ""ARG-LIGAPROF"", ""competition_name"": ""Liga Profesional"", ""home"": ""independiente"", ""away"": ""instituto"", ""match"": ""Independiente v Instituto de C\u00f3rdoba"", ""key"": ""dc_12"", ""selection"": ""Home or away (12)"", ""prob"": 0.67749, ""fair_odds"": 1.47604, ""odds"": null, ""hit_rate"": 0.66219, ""hit_rate_n"": 29511}]",,,,pending,,
2026-09-24,2026-09-24T14:06:40,4,3.00000,1.31607,0.30618,3.26605,,0.72412,2026-09-26,2026-10-03,"[{""date"": ""2026-09-26"", ""competition"": ""MEX-LIGAMX"", ""competition_name"": ""Liga MX"", ""home"": ""tijuana"", ""away"": ""atlas"", ""match"": ""Tijuana v Atlas"", ""key"": ""ou1.5_over"", ""selection"": ""Over 1.5 goals"", ""prob"": 0.75578, ""fair_odds"": 1.32313, ""odds"": null, ""hit_rate"": 0.77767, ""hit_rate_n"": 29236}, {""date"": ""2026-09-26"", ""competition"": ""MEX-LIGAMX"", ""competition_name"": ""Liga MX"", ""home"": ""atlante"", ""away"": ""monterrey"", ""match"": ""Atlante FC v Monterrey"", ""key"": ""tt2.5_away_under"", ""selection"": ""Away team under 2.5 goals"", ""prob"": 0.75179, ""fair_odds"": 1.33017, ""odds"": null, ""hit_rate"": 0.77509, ""hit_rate_n"": 33378}, {""date"": ""2026-10-03"", ""competition"": ""ARG-LIGAPROF"", ""competition_name"": ""Liga Profesional"", ""home"": ""argentinos juniors"", ""away"": ""tigre"", ""match"": ""Argentinos Juniors v CA Tigre BA"", ""key"": ""tt0.5_home_over"", ""selection"": ""Home team over 0.5 goals"", ""prob"": 0.74417, ""fair_odds"": 1.34378, ""odds"": null, ""hit_rate"": 0.72737, ""hit_rate_n"": 37244}, {""date"": ""2026-10-03"", ""competition"": ""ARG-LIGAPROF"", ""competition_name"": ""Liga Profesional"", ""home"": ""atletico tucuman"", ""away"": ""barracas central"", ""match"": ""Atl\u00e9tico Tucuman v Barracas Central"", ""key"": ""tt0.5_home_over"", ""selection"": ""Home team over 0.5 goals"", ""prob"": 0.72412, ""fair_odds"": 1.38098, ""odds"": null, ""hit_rate"": 0.72737, ""hit_rate_n"": 37244}]",,,,pending,,
2026-09-24,2026-09-24T14:06:40,5,3.00000,1.24573,0.28987,3.44979,,0.76358,2026-09-26,2026-10-03,"[{""date"": ""2026-10-03"", ""competition"": ""ARG-LIGAPROF"", ""competition_name"": ""Liga Profesional"", ""home"": ""atletico tucuman"", ""away"": ""barracas central"", ""match"": ""Atl\u00e9tico Tucuman v Barracas Central"", ""key"": ""hcp_away+1.5"", ""selection"": ""Away +1.5"", ""prob"": 0.79247, ""fair_odds"": 1.26188, ""odds"": null, ""hit_rate"": 0.77505, ""hit_rate_n"": 8833}, {""date"": ""2026-09-26"", ""competition"": ""MEX-LIGAMX"", ""competition_name"": ""Liga MX"", ""home"": ""tijuana"", ""away"": ""atlas"", ""match"": ""Tijuana v Atlas"", ""key"": ""hcp_away+1.5"", ""selection"": ""Away +1.5"", ""prob"": 0.79247, ""fair_odds"": 1.26188, ""odds"": null, ""hit_rate"": 0.77505, ""hit_rate_n"": 8833}, {""date"": ""2026-09-26"", ""competition"": ""MEX-LIGAMX"", ""competition_name"": ""Liga MX"", ""home"": ""atlante"", ""away"": ""monterrey"", ""match"": ""Atlante FC v Monterrey"", ""key"": ""ou4.5_under"", ""selection"": ""Under 4.5 goals"", ""prob"": 0.78564, ""fair_odds"": 1.27285, ""odds"": null, ""hit_rate"": 0.77767, ""hit_rate_n"": 29236}, {""date"": ""2026-10-03"", ""competition"": ""ARG-LIGAPROF"", ""competition_name"": ""Liga Profesional"", ""home"": ""independiente rivadavia"", ""away"": ""gimnasia la plata"", ""match"": ""Independiente Rivadavia v Gimnasia La Plata"", ""key"": ""tt2.5_home_under"", ""selection"": ""Home team under 2.5 goals"", ""prob"": 0.76943, ""fair_odds"": 1.29967, ""odds"": null, ""hit_rate"": 0.77509, ""hit_rate_n"": 33378}, {""date"": ""2026-10-03"", ""competition"": ""ARG-LIGAPROF"", ""competition_name"": ""Liga Profesional"", ""home"": ""argentinos juniors"", ""away"": ""tigre"", ""match"": ""Argentinos Juniors v CA Tigre BA"", ""key"": ""hcp_away+1.5"", ""selection"": ""Away +1.5"", ""prob"": 0.76358, ""fair_odds"": 1.30963, ""odds"": null, ""hit_rate"": 0.77505, ""hit_rate_n"": 8833}]",,,,pending,,
2026-09-24,2026-09-24T14:06:40,6,3.00000,1.20094,0.28444,3.51570,,0.79247,2026-09-26,2026-10-03,"[{""date"": ""2026-09-26"", ""competition"": ""MEX-LIGAMX"", ""competition_name"": ""Liga MX"", ""home"": ""atlante"", ""away"": ""monterrey"", ""match"": ""Atlante FC v Monterrey"", ""key"": ""ou1.5_over"", ""selection"": ""Over 1.5 goals"", ""prob"": 0.82946, ""fair_odds"": 1.20561, ""odds"": null, ""hit_rate"": 0.82769, ""hit_rate_n"": 21200}, {""date"": ""2026-10-03"", ""competition"": ""ARG-LIGAPROF"", ""competition_name"": ""Liga Profesional"", ""home"": ""defensa y justicia"", ""away"": ""san lorenzo"", ""match"": ""Defensa y Justicia v San Lorenzo"", ""key"": ""hcp_away+1.5"", ""selection"": ""Away +1.5"", ""prob"": 0.82227, ""fair_odds"": 1.21615, ""odds"": null, ""hit_rate"": 0.82301, ""hit_rate_n"": 15560}, {""date"": ""2026-09-26"", ""competition"": ""MEX-LIGAMX"", ""competition_name"": ""Liga MX"", ""home"": ""tijuana"", ""away"": ""atlas"", ""match"": ""Tijuana v Atlas"", ""key"": ""tt2.5_home_under"", ""selection"": ""Home team under 2.5 goals"", ""prob"": 0.81036, ""fair_odds"": 1.23402, ""odds"": null, ""hit_rate"": 0.8233, ""hit_rate_n"": 33039}, {""date"": ""2026-10-03"", ""competition"": ""ARG-LIGAPROF"", ""competition_name"": ""Liga Profesional"", ""home"": ""atletico tucuman"", ""away"": ""barracas central"", ""match"": ""Atl\u00e9tico Tucuman v Barracas Central"", ""key"": ""hcp_away+1.5"", ""selection"": ""Away +1.5"", ""prob"": 0.79247, ""fair_odds"": 1.26188, ""odds"": null, ""hit_rate"": 0.77505, ""hit_rate_n"": 8833}, {""date"": ""2026-10-02"", ""competition"": ""ARG-LIGAPROF"", ""competition_name"": ""Liga Profesional"", ""home"": ""independiente"", ""away"": ""instituto"", ""match"": ""Independiente v Instituto de C\u00f3rdoba"", ""key"": ""ou3.5_under"", ""selection"": ""Under 3.5 goals"", ""prob"": 0.81222, ""fair_odds"": 1.23119, ""odds"": null, ""hit_rate"": 0.82769, ""hit_rate_n"": 21200}, {""date"": ""2026-10-03"", ""competition"": ""ARG-LIGAPROF"", ""competition_name"": ""Liga Profesional"", ""home"": ""argentinos juniors"", ""away"": ""tigre"", ""match"": ""Argentinos Juniors v CA Tigre BA"", ""key"": ""dc_1x"", ""selection"": ""Home or draw (1X)"", ""prob"": 0.79955, ""fair_odds"": 1.2507, ""odds"": null, ""hit_rate"": 0.76171, ""hit_rate_n"": 17743}]",,,,pending,,
